<?xml version='1.0' encoding='UTF-8' standalone='yes' ?>
<data version="1.37.0">
  <action type="script">
    <useDefaultName>true</useDefaultName>
    <name>Script: global_Log = 0;</name>
    <script>
global_Log = 0;</script>
  </action>
  <flow type="flow">
    <name>Verify_PHANToM_RBH</name>
    <description>PHANToM</description>
    <group>PHANToM RBH </group>
    <enabled>false</enabled>
    <executionPolicy>PARALLEL</executionPolicy>
    <triggercontainer id="t1" x="70.0" y="52.5" />
    <actioncontainer id="t2" x="70.0" y="367.5">Script: global_Log = 0;</actioncontainer>
    <connection from="t1" to="t2" type="NORMAL" sourcePosition="SOUTH" targetPosition="NORTH" />
  </flow>
</data>