<?xml version='1.0' encoding='UTF-8' standalone='yes' ?>
<data version="1.37.0">
  <condition type="confirmation_dialog">
    <useDefaultName>false</useDefaultName>
    <name>Error Log</name>
    <title>แจ้งเตือน!</title>
    <question>- การใช้งานผ่านสคริป
- แอปAutomagicที่ใช้อยู่
มีปัญหา ไม่สามารถทำงานได้ตามเป้าหมาย

สาเหตุที่เป็นไปได้
- ใช้แอป Automagic ที่ไม่ตรงเวอร์ชั่นแนะนำ
- แอป Automagic ที่ใช้มอดมาจากแอปที่มีการฝั่งตัวจัดการServer</question>
    <falseLabel>เข้าใจแล้ว</falseLabel>
    <trueLabel>แจ้งปัญหา</trueLabel>
    <backOperation>CANCEL</backOperation>
    <timeoutEnabled>true</timeoutEnabled>
    <timeout>30000</timeout>
    <defaultValueOnTimeout>false</defaultValueOnTimeout>
  </condition>
  <action type="clear_automagic_log">
    <useDefaultName>false</useDefaultName>
    <name>Clear PHANToM Log</name>
  </action>
  <action type="delete_files">
    <useDefaultName>false</useDefaultName>
    <name>Clear Verify</name>
    <pathList>/storage/emulated/0/Verify_PHANToM_RBH.zip</pathList>
    <showProgress>false</showProgress>
  </action>
  <action type="delete_files">
    <useDefaultName>false</useDefaultName>
    <name>Clear Verify1</name>
    <pathList>/storage/emulated/0/Verify_PHANToM_RBH.xml</pathList>
    <showProgress>false</showProgress>
  </action>
  <action type="delete_files">
    <useDefaultName>true</useDefaultName>
    <name>Delete Files: /storage/emulated/0/RBH_FullLock.xml</name>
    <pathList>/storage/emulated/0/RBH_FullLock.xml</pathList>
    <showProgress>false</showProgress>
  </action>
  <action type="delete_files">
    <useDefaultName>true</useDefaultName>
    <name>Delete Files: /storage/emulated/0/RBH_FullLock.zip</name>
    <pathList>/storage/emulated/0/RBH_FullLock.zip</pathList>
    <showProgress>false</showProgress>
  </action>
  <action type="delete_flows">
    <useDefaultName>true</useDefaultName>
    <name>Delete Flows: Verify_PHANToM_RBH</name>
    <flowNameList>Verify_PHANToM_RBH</flowNameList>
    <deleteUnusedObjects>true</deleteUnusedObjects>
  </action>
  <action type="download_url">
    <useDefaultName>true</useDefaultName>
    <name>Download URL: https://github.com/Phantomguy7845/RBH_4.html/raw/main/RBH_FullLock.zip to /storage/emulated/0</name>
    <url>https://github.com/Phantomguy7845/RBH_4.html/raw/main/RBH_FullLock.zip</url>
    <directory>/storage/emulated/0</directory>
    <showProgress>false</showProgress>
  </action>
  <action type="import_flows">
    <useDefaultName>true</useDefaultName>
    <name>Import Flows/Widgets: /storage/emulated/0/RBH_FullLock.xml</name>
    <path>/storage/emulated/0/RBH_FullLock.xml</path>
    <replace>true</replace>
  </action>
  <action type="open_browser_url">
    <useDefaultName>false</useDefaultName>
    <name>PHANToM Official</name>
    <url>https://liff.line.me/1645278921-kWRPP32q/?accountId=979pedqj</url>
    <explicitComponent>false</explicitComponent>
    <packageName></packageName>
    <className></className>
    <appName></appName>
  </action>
  <action type="script">
    <useDefaultName>true</useDefaultName>
    <name>Script: global_Log = 0;</name>
    <script>
global_Log = 0;</script>
  </action>
  <action type="set_flow_state">
    <useDefaultName>true</useDefaultName>
    <name>Set Flow State: Enable PHANToM RBH Full Lock 4.0</name>
    <enable>true</enable>
    <includeFlowNamePatternList>PHANToM RBH Full Lock 4.0</includeFlowNamePatternList>
    <excludeFlowNamePatternList></excludeFlowNamePatternList>
  </action>
  <action type="unzip_files">
    <useDefaultName>true</useDefaultName>
    <name>Unzip Files: /storage/emulated/0/RBH_FullLock.zip to /storage/emulated/0</name>
    <zipFilePath>/storage/emulated/0/RBH_FullLock.zip</zipFilePath>
    <targetPath>/storage/emulated/0</targetPath>
    <showProgress>false</showProgress>
  </action>
  <flow type="flow">
    <name>Verify_PHANToM_RBH</name>
    <description>PHANToM</description>
    <group>PHANToM RBH </group>
    <enabled>true</enabled>
    <executionPolicy>PARALLEL</executionPolicy>
    <triggercontainer id="t1" x="70.0" y="52.5" />
    <actioncontainer id="t2" x="70.0" y="927.5">Import Flows/Widgets: /storage/emulated/0/RBH_FullLock.xml</actioncontainer>
    <actioncontainer id="t3" x="70.0" y="752.5">Unzip Files: /storage/emulated/0/RBH_FullLock.zip to /storage/emulated/0</actioncontainer>
    <actioncontainer id="t4" x="70.0" y="577.5">Download URL: https://github.com/Phantomguy7845/RBH_4.html/raw/main/RBH_FullLock.zip to /storage/emulated/0</actioncontainer>
    <conditioncontainer id="t5" x="280.0" y="227.5">Error Log</conditioncontainer>
    <actioncontainer id="t6" x="280.0" y="402.5">PHANToM Official</actioncontainer>
    <actioncontainer id="t7" x="70.0" y="227.5">Clear Verify</actioncontainer>
    <actioncontainer id="t8" x="70.0" y="402.5">Clear Verify1</actioncontainer>
    <actioncontainer id="t9" x="70.0" y="1102.5">Delete Files: /storage/emulated/0/RBH_FullLock.xml</actioncontainer>
    <actioncontainer id="t10" x="280.0" y="752.5">Clear Verify</actioncontainer>
    <actioncontainer id="t11" x="280.0" y="927.5">Clear Verify1</actioncontainer>
    <actioncontainer id="t12" x="280.0" y="52.5">Clear PHANToM Log</actioncontainer>
    <actioncontainer id="t13" x="280.0" y="577.5">Delete Flows: Verify_PHANToM_RBH</actioncontainer>
    <actioncontainer id="t14" x="70.0" y="1277.5">Delete Files: /storage/emulated/0/RBH_FullLock.zip</actioncontainer>
    <actioncontainer id="t15" x="70.0" y="1452.5">Script: global_Log = 0;</actioncontainer>
    <actioncontainer id="t16" x="280.0" y="1452.5">Set Flow State: Enable PHANToM RBH Full Lock 4.0</actioncontainer>
    <actioncontainer id="t17" x="280.0" y="1102.5">Delete Files: /storage/emulated/0/RBH_FullLock.xml</actioncontainer>
    <actioncontainer id="t18" x="280.00006" y="1277.5">Delete Files: /storage/emulated/0/RBH_FullLock.zip</actioncontainer>
    <connection from="t1" to="t7" type="NORMAL" sourcePosition="SOUTH" targetPosition="NORTH" />
    <connection from="t2" to="t9" type="NORMAL" sourcePosition="SOUTH" targetPosition="NORTH" />
    <connection from="t2" to="t5" type="EXCEPTION" sourcePosition="EAST" targetPosition="WEST" />
    <connection from="t3" to="t2" type="NORMAL" sourcePosition="SOUTH" targetPosition="NORTH" />
    <connection from="t3" to="t5" type="EXCEPTION" sourcePosition="EAST" targetPosition="WEST" />
    <connection from="t4" to="t3" type="NORMAL" sourcePosition="SOUTH" targetPosition="NORTH" />
    <connection from="t4" to="t5" type="EXCEPTION" sourcePosition="EAST" targetPosition="WEST" />
    <connection from="t5" to="t12" type="FALSE" sourcePosition="NORTH" targetPosition="SOUTH" />
    <connection from="t5" to="t6" type="TRUE" sourcePosition="SOUTH" targetPosition="NORTH" />
    <connection from="t6" to="t13" type="NORMAL" sourcePosition="SOUTH" targetPosition="NORTH" />
    <connection from="t7" to="t8" type="NORMAL" sourcePosition="SOUTH" targetPosition="NORTH" />
    <connection from="t7" to="t5" type="EXCEPTION" sourcePosition="EAST" targetPosition="WEST" />
    <connection from="t8" to="t4" type="NORMAL" sourcePosition="SOUTH" targetPosition="NORTH" />
    <connection from="t8" to="t5" type="EXCEPTION" sourcePosition="EAST" targetPosition="WEST" />
    <connection from="t9" to="t14" type="NORMAL" sourcePosition="SOUTH" targetPosition="NORTH" />
    <connection from="t9" to="t5" type="EXCEPTION" sourcePosition="EAST" targetPosition="WEST" />
    <connection from="t10" to="t11" type="NORMAL" sourcePosition="SOUTH" targetPosition="NORTH" />
    <connection from="t11" to="t17" type="EXCEPTION" sourcePosition="SOUTH" targetPosition="NORTH" />
    <connection from="t11" to="t17" type="NORMAL" sourcePosition="SOUTH" targetPosition="NORTH" />
    <connection from="t13" to="t10" type="EXCEPTION" sourcePosition="SOUTH" targetPosition="NORTH" />
    <connection from="t13" to="t10" type="NORMAL" sourcePosition="SOUTH" targetPosition="NORTH" />
    <connection from="t14" to="t15" type="NORMAL" sourcePosition="SOUTH" targetPosition="NORTH" />
    <connection from="t14" to="t5" type="EXCEPTION" sourcePosition="EAST" targetPosition="WEST" />
    <connection from="t15" to="t16" type="NORMAL" sourcePosition="EAST" targetPosition="WEST" />
    <connection from="t16" to="t13" type="NORMAL" sourcePosition="WEST" targetPosition="WEST" />
    <connection from="t16" to="t5" type="EXCEPTION" sourcePosition="WEST" targetPosition="WEST" />
    <connection from="t17" to="t18" type="EXCEPTION" sourcePosition="SOUTH" targetPosition="NORTH" />
    <connection from="t17" to="t18" type="NORMAL" sourcePosition="SOUTH" targetPosition="NORTH" />
    <connection from="t18" to="t12" type="EXCEPTION" sourcePosition="WEST" targetPosition="WEST" />
    <connection from="t18" to="t12" type="NORMAL" sourcePosition="WEST" targetPosition="WEST" />
  </flow>
</data>