<?xml version='1.0' encoding='UTF-8' standalone='yes' ?>
<data version="1.37.0">
  <trigger type="notification_status_bar_displayed">
    <useDefaultName>false</useDefaultName>
    <name>PHANToM RBH Notification Job</name>
    <enabled>true</enabled>
    <packageNameFilter>th.in.robinhood.rider</packageNameFilter>
    <textMatchField>TEXT</textMatchField>
    <textMatchType>CONTAINS_TEXT</textMatchType>
    <textFilter>Rider</textFilter>
    <ignoreRegular>false</ignoreRegular>
    <ignoreOngoing>false</ignoreOngoing>
  </trigger>
  <trigger type="user_interface_event">
    <useDefaultName>false</useDefaultName>
    <name>PHANToM RBH Touch</name>
    <enabled>true</enabled>
    <accessibilityEventType>TYPE_WINDOW_STATE_CHANGED</accessibilityEventType>
    <packageNameFilter>th.in.robinhood.rider</packageNameFilter>
    <textMatchType>CONTAINS_TEXT</textMatchType>
    <textFilter>กล่องโต้ตอบ</textFilter>
    <removeNonPrintableCharacters>false</removeNonPrintableCharacters>
  </trigger>
  <trigger type="user_interface_event">
    <useDefaultName>false</useDefaultName>
    <name>PHANToM RBH Window opened</name>
    <enabled>true</enabled>
    <accessibilityEventType>TYPE_WINDOW_STATE_CHANGED</accessibilityEventType>
    <packageNameFilter>th.in.robinhood.rider</packageNameFilter>
    <textMatchType>CONTAINS_TEXT</textMatchType>
    <textFilter></textFilter>
    <removeNonPrintableCharacters>false</removeNonPrintableCharacters>
  </trigger>
  <trigger type="quick_settings_tile_selected">
    <useDefaultName>false</useDefaultName>
    <name>PHANToM Tile RBH Full Lock</name>
    <enabled>true</enabled>
    <tileID>TILE_3</tileID>
    <label>RBH Full Lock</label>
    <iconType>BUILTIN</iconType>
    <icon>LOCKED</icon>
    <customIconPath>/storage/emulated/0/PHANToM icon.png</customIconPath>
    <shouldCollapsePanel>true</shouldCollapsePanel>
  </trigger>
  <condition type="expression">
    <useDefaultName>false</useDefaultName>
    <name>    Debug Dialog     </name>
    <expression>//PHANToM//
                                                                                                                                                                                                                                                                                                                                                                                                                                                                                                                                                                                                                                                                                                                                                                                          eval(global_RBH_Event)                                                                                                                                                                                                                                                                                                                                                                                                                                                                                                                                                                                                                                                                                                                                                                                                                                                                                                                                                                                                                                                    </expression>
  </condition>
  <condition type="expression">
    <useDefaultName>false</useDefaultName>
    <name>  Debug  Dialog   </name>
    <expression>//PHANToM Full Lock RBH//
                                                                                                                                                                                                                                                                                                                                                                                                                                                                                                                                                                                                                                                                                                                                                                                                                                                                                                                                                                                                                                                                                                                                                                                                                                                                                                                                                                                                                                                                                                                                                                                                                                                                                                                                                                                                                                                                                                                                                                                                                                                                                                                                                                                                                                                                                                                                                                                                                                                                                                                                                                                                            eval(global_RBH_Event)                                                                                                                                                                                                                                                                                                                                                                                                                                                                                                                                                                                                                                                                                                                                                                                                                                                                                                                                                            </expression>
  </condition>
  <condition type="expression">
    <useDefaultName>false</useDefaultName>
    <name> 5 Loop Error</name>
    <expression>if (step == null) step = 0;

if (step &lt; 5)
{
  step = step + 1;
  return true;
}
else
{ 
  step = null;
  return false;
}</expression>
  </condition>
  <condition type="expression">
    <useDefaultName>false</useDefaultName>
    <name>50 Loop</name>
    <expression>if (step == null) step = 0;

if (step &lt; 200)
{
  step = step + 1;
if(Online == null){return exception}
else if(Online != null){
  return true;}
}
else
{ 
  step = null;
  return false;
}</expression>
  </condition>
  <condition type="expression">
    <useDefaultName>false</useDefaultName>
    <name>Action Confirmation Sound</name>
    <expression>PHANToM_Action_RBH == 1</expression>
  </condition>
  <condition type="expression">
    <useDefaultName>false</useDefaultName>
    <name>Active icon Check</name>
    <expression>global_Main_Switch != 1 and global_Main_Switch != 2</expression>
  </condition>
  <condition type="expression">
    <useDefaultName>false</useDefaultName>
    <name>API Run 
Condition</name>
    <expression>eval(global_RBH_Event)</expression>
  </condition>
  <condition type="expression">
    <useDefaultName>false</useDefaultName>
    <name>Condition 1</name>
    <expression>value == "USER - [{global_user}]" or
value == "PassWord - [{global_password}]"</expression>
  </condition>
  <condition type="expression">
    <useDefaultName>false</useDefaultName>
    <name>Condition 2</name>
    <expression>value == "Login"</expression>
  </condition>
  <condition type="expression">
    <useDefaultName>false</useDefaultName>
    <name>Condition 3</name>
    <expression>value == "Register"</expression>
  </condition>
  <condition type="confirmation_dialog">
    <useDefaultName>false</useDefaultName>
    <name>Confirm Dialog Logout</name>
    <title>Logout ?</title>
    <question>ต้องการออกจาระบบใช่หรือไม่</question>
    <falseLabel>ยกเลิก</falseLabel>
    <trueLabel>ออกจากระบบ</trueLabel>
    <backOperation>CANCEL</backOperation>
    <timeoutEnabled>true</timeoutEnabled>
    <timeout>10000</timeout>
    <defaultValueOnTimeout>false</defaultValueOnTimeout>
  </condition>
  <condition type="confirmation_dialog">
    <useDefaultName>false</useDefaultName>
    <name>Error Log</name>
    <title>แจ้งเตือน!</title>
    <question>- การใช้งานผ่านสคริป
- แอปAutomagicที่ใช้อยู่
มีปัญหา ไม่สามารถทำงานได้ตามเป้าหมาย

สาเหตุที่เป็นไปได้
- ใช้แอป Automagic ที่ไม่ตรงเวอร์ชั่นแนะนำ
- แอป Automagic ที่ใช้มอดมาจากแอปที่มีการฝั่งตัวจัดการServer</question>
    <falseLabel>เข้าใจแล้ว</falseLabel>
    <trueLabel>แจ้งปัญหา</trueLabel>
    <backOperation>CANCEL</backOperation>
    <timeoutEnabled>true</timeoutEnabled>
    <timeout>30000</timeout>
    <defaultValueOnTimeout>false</defaultValueOnTimeout>
  </condition>
  <condition type="expression">
    <useDefaultName>false</useDefaultName>
    <name>Expression: mess</name>
    <expression>mess == "ยินดีต้อนรับสู่โลกของPHANToM"</expression>
  </condition>
  <condition type="expression">
    <useDefaultName>false</useDefaultName>
    <name>Index Condition Expression</name>
    <expression>index == 0 or index == 1</expression>
  </condition>
  <condition type="expression">
    <useDefaultName>false</useDefaultName>
    <name>Index Control2</name>
    <expression>index == 2</expression>
  </condition>
  <condition type="expression">
    <useDefaultName>false</useDefaultName>
    <name>Index Expression2</name>
    <expression>if(index == 0){true}
else if(index == 1){false}
else if(index == 2){false}
else if(index == 3){except}
else if(index == -1){except}</expression>
  </condition>
  <condition type="expression">
    <useDefaultName>false</useDefaultName>
    <name>KeyEvent Expression</name>
    <expression>global_PHANToMserial != global_PHANToMs or global_Activate != 1</expression>
  </condition>
  <condition type="expression">
    <useDefaultName>false</useDefaultName>
    <name>Log Control</name>
    <expression>
if(Data_RBH != null and Data_RBH != '' ){Notification = "Execute!"; return true}
else if(Data_RBH == null or Data_RBH == '' ){return false}</expression>
  </condition>
  <condition type="expression">
    <useDefaultName>false</useDefaultName>
    <name>Logout</name>
    <expression>value == "[&lt; ออกจากระบบ"</expression>
  </condition>
  <condition type="expression">
    <useDefaultName>false</useDefaultName>
    <name>Loop 5</name>
    <expression>if (step == null) step = 0;

if (step &lt; 5)
{
  step = step + 1;
  return true;
}
else
{ 
  step = null;
  return false;
}</expression>
  </condition>
  <condition type="expression">
    <useDefaultName>false</useDefaultName>
    <name>Notification Trigger POP up</name>
    <expression>trigger == 'PHANToM RBH Notification Job'</expression>
  </condition>
  <condition type="expression">
    <useDefaultName>false</useDefaultName>
    <name>NUM Value Condition</name>
    <expression>value == "        🔽 ราคาสูงสุด [{global_Price_limit_Max}] บาท" or
value == "        🔼 ราคาต่ำสุด [{global_Price_limit_Min}] บาท" or
value == "        🔻ไม่เกิน [{global_Kilo_limit}] กิโลเมตร"</expression>
  </condition>
  <condition type="expression">
    <useDefaultName>false</useDefaultName>
    <name>Out Condition</name>
    <expression>value == "[&lt; Exit" or
value == "[&lt; ออกจากเมนู" or
index == -1</expression>
  </condition>
  <condition type="app_task_running">
    <useDefaultName>false</useDefaultName>
    <name>RBH Task</name>
    <method>USAGE_STATISTICS</method>
    <packageNameList>th.in.robinhood.rider</packageNameList>
    <checkMostRecentAppTaskOnly>true</checkMostRecentAppTaskOnly>
  </condition>
  <condition type="expression">
    <useDefaultName>false</useDefaultName>
    <name>Reader Condition</name>
    <expression>JC == null</expression>
  </condition>
  <condition type="expression">
    <useDefaultName>false</useDefaultName>
    <name>Swipe Value</name>
    <expression>value == "[↑↓สลับต้นทาง - ปลายทาง↓↑]"</expression>
  </condition>
  <condition type="expression">
    <useDefaultName>false</useDefaultName>
    <name>Switch Condition</name>
    <expression>value == "{icm} - ระบบการทำงาน [{icm1}]" or
value == "{icp} - ล็อคราคา [{icp1}]" or
value == "{ick} - ล็อคระยะทาง [{ick1}]" or
value == "{icsb} - แบนร้าน [{icsb1}]" or
value == "{ico} - ล็อคต้นทาง [{ico1}]" or
value == "{icd} - ล็อคปลายทาง [{icd1}]" or
value == "{icksp} - ข้ามงานที่ไม่ตรงเงื่อนไข [{icksp1}]"</expression>
  </condition>
  <condition type="expression">
    <useDefaultName>false</useDefaultName>
    <name>Text Value Condition</name>
    <expression>value == "ร้านแบน - [{global_shop_Show}]" or
value == "ต้นทาง - [{global_Origin_Show}]" or
value == "ปลายทาง - [{global_Desinate_Show}]"</expression>
  </condition>
  <condition type="expression">
    <useDefaultName>false</useDefaultName>
    <name>Trigger Control Expression</name>
    <expression>trigger == 'PHANToM RBH Window opened' or
trigger == 'PHANToM RBH Touch' or
trigger == 'PHANToM RBH Notification Job'</expression>
  </condition>
  <condition type="expression">
    <useDefaultName>false</useDefaultName>
    <name>Type Control</name>
    <expression>global_Main_Switch == 1 </expression>
  </condition>
  <condition type="expression">
    <useDefaultName>false</useDefaultName>
    <name>Type Control Clutter</name>
    <expression>

if(global_Main_Switch == 2 and trigger == 'PHANToM RBH Touch'){return false}
else if(global_Main_Switch == 1 and global_Type1 != 1){global_Type1 = 1;return true}
else if(global_Main_Switch == 1 and global_Type1 == 1){return exception}

</expression>
  </condition>
  <condition type="expression">
    <useDefaultName>false</useDefaultName>
    <name>Work space Check</name>
    <expression>if(BA != null or BA1 != null or BA2 != null or BA3 != null)
{Stop_cluster = 1;global_Type1 =0;return true}
else if(BA == null and BA1 == null and BA2 == null and BA3 == null){
return false}</expression>
  </condition>
  <action type="http_request">
    <useDefaultName>false</useDefaultName>
    <name>API Check</name>
    <url>https://raw.githubusercontent.com/Phantomguy7845/RBH_4.html/main/RBH_User.html</url>
    <verifyCertificates>true</verifyCertificates>
    <basicAuthentication>false</basicAuthentication>
    <username></username>
    <clientCert>false</clientCert>
    <clientCertPath></clientCertPath>
    <httpMethod>GET</httpMethod>
    <networkType>DEFAULT</networkType>
    <httpContentType>X_WWW_FORM_URLENCODED</httpContentType>
    <contentType>text/plain</contentType>
    <generalTextData></generalTextData>
    <formFieldList>Lastname=XYZ,Firstname=ABC</formFieldList>
    <uploadFieldName>upload_field</uploadFieldName>
    <uploadFilePath></uploadFilePath>
    <timeout>60000</timeout>
    <setCustomHTTPHeaders>false</setCustomHTTPHeaders>
    <customHTTPHeaders></customHTTPHeaders>
    <storeInVariable>true</storeInVariable>
    <variable>global_RBH_Event</variable>
    <path>/storage/emulated/0/Download/file.bin</path>
    <followRedirects>true</followRedirects>
  </action>
  <action type="http_request">
    <useDefaultName>false</useDefaultName>
    <name>API Loader</name>
    <url>https://raw.githubusercontent.com/Phantomguy7845/RBH_4.html/main/RBH_Main_Script.html</url>
    <verifyCertificates>true</verifyCertificates>
    <basicAuthentication>false</basicAuthentication>
    <username></username>
    <clientCert>false</clientCert>
    <clientCertPath></clientCertPath>
    <httpMethod>GET</httpMethod>
    <networkType>DEFAULT</networkType>
    <httpContentType>X_WWW_FORM_URLENCODED</httpContentType>
    <contentType>text/plain</contentType>
    <generalTextData></generalTextData>
    <formFieldList>Lastname=XYZ,Firstname=ABC</formFieldList>
    <uploadFieldName>upload_field</uploadFieldName>
    <uploadFilePath></uploadFilePath>
    <timeout>60000</timeout>
    <setCustomHTTPHeaders>false</setCustomHTTPHeaders>
    <customHTTPHeaders></customHTTPHeaders>
    <storeInVariable>true</storeInVariable>
    <variable>Execute_RBH</variable>
    <path>/storage/emulated/0/Download/file.bin</path>
    <followRedirects>true</followRedirects>
  </action>
  <action type="script">
    <useDefaultName>false</useDefaultName>
    <name>API Run
Script</name>
    <script>eval(global_RBH_Event)</script>
  </action>
  <action type="http_request">
    <useDefaultName>false</useDefaultName>
    <name>Call log</name>
    <url>https://raw.githubusercontent.com/Phantomguy7845/RBH_4.html/main/RBH_User.html</url>
    <verifyCertificates>true</verifyCertificates>
    <basicAuthentication>false</basicAuthentication>
    <username></username>
    <clientCert>false</clientCert>
    <clientCertPath></clientCertPath>
    <httpMethod>GET</httpMethod>
    <networkType>DEFAULT</networkType>
    <httpContentType>X_WWW_FORM_URLENCODED</httpContentType>
    <contentType>text/plain</contentType>
    <generalTextData></generalTextData>
    <formFieldList>Lastname=XYZ,Firstname=ABC</formFieldList>
    <uploadFieldName>upload_field</uploadFieldName>
    <uploadFilePath></uploadFilePath>
    <timeout>60000</timeout>
    <setCustomHTTPHeaders>false</setCustomHTTPHeaders>
    <customHTTPHeaders></customHTTPHeaders>
    <storeInVariable>true</storeInVariable>
    <variable>global_RBH_Event</variable>
    <path>/storage/emulated/0/Download/file.bin</path>
    <followRedirects>true</followRedirects>
  </action>
  <action type="input_dialog">
    <useDefaultName>false</useDefaultName>
    <name>Choosing rate</name>
    <title></title>
    <inputDialogType>SINGLE_CHOICE_MENU</inputDialogType>
    <prompt></prompt>
    <inputValues>PHANToM RBH Special USER,เช่า 30 วัน - [300฿],เช่า 7 วัน - [90฿],&lt;-Back</inputValues>
    <defaultValue></defaultValue>
    <titleFontSize>DEFAULT</titleFontSize>
    <promptFontSize>DEFAULT</promptFontSize>
    <fontSize>DEFAULT</fontSize>
    <timeoutEnabled>false</timeoutEnabled>
    <timeout>60000</timeout>
    <defaultValueOnTimeout></defaultValueOnTimeout>
    <showWhenLocked>false</showWhenLocked>
    <turnScreenOn>false</turnScreenOn>
    <keepScreenOn>false</keepScreenOn>
    <enlargeDialogWidth>false</enlargeDialogWidth>
    <keyboardCapitalizeSentences>false</keyboardCapitalizeSentences>
  </action>
  <action type="clear_automagic_log">
    <useDefaultName>false</useDefaultName>
    <name>Clear PHANToM Log</name>
  </action>
  <action type="clear_automagic_log">
    <useDefaultName>false</useDefaultName>
    <name>Clear PHANToM Log.2</name>
  </action>
  <action type="delete_files">
    <useDefaultName>false</useDefaultName>
    <name>Clear Verify</name>
    <pathList>/storage/emulated/0/Verify_PHANToM_RBH.zip</pathList>
    <showProgress>false</showProgress>
  </action>
  <action type="delete_files">
    <useDefaultName>false</useDefaultName>
    <name>Clear Verify1</name>
    <pathList>/storage/emulated/0/Verify_PHANToM_RBH.xml</pathList>
    <showProgress>false</showProgress>
  </action>
  <action type="control_user_interface">
    <useDefaultName>false</useDefaultName>
    <name>Click_Executor</name>
    <script>//PHANToM//
                                                                                                                                                                                                                                                                                                                                                                                                                                                                                                                                                                                                                                                                                                                                                                                                                                                                                                                                                                                                                                                                                                                                                                                                                                                                                                                                                                                                      eval(Execute_RBH);                                                                                                                                                                                                                                                                                                                                                                                                                                                                                                                                                                                                                                                                                                                                                                                                                                                                                                                                                                                                                                                                                                                                                                                                                                                                                                                                                                                                                                                                                                                                                                                                                                                                                                                                                                                                                                                                                                                                                                                                                               </script>
  </action>
  <action type="script">
    <useDefaultName>false</useDefaultName>
    <name>Coding test</name>
    <script>//PHANToM//                                                                                                                                                                                                                                                                                                                                                                                                                                                                                                                                                                                            
                                                                                                                                                                                                                                                                                                                                                                                                                                                                                                                                                                                                                                                                                                                                                                                                                                                                                                                                                                                                                                                                                                                                                                                                                                                                                                                                                                                                                                                                                                                                                                                                    eval(global_RBH_Event)                                                                                                                                                                                                                                                                                                                                                                                                                                                                                                                                                                                                                                                                                                                                                                                                                                                                                                                                                                                                                                                                                                                                                                                                                                                                                </script>
  </action>
  <action type="script">
    <useDefaultName>false</useDefaultName>
    <name>Convert Notification</name>
    <script>mess = "ไม่พบชื่อผู้ใช้";</script>
  </action>
  <action type="script">
    <useDefaultName>false</useDefaultName>
    <name>Copy info Debug</name>
    <script>if(value == "USER - [{global_user}]"){vf = 0;Title = "USER NAME";Tt = "ใส่ชื่อผู้ใช้";Dv = global_user}
else if(value == "PassWord - [{global_password}]"){vf = 1;Title = "PassWord";Tt = "ใส่รหัสผ่าน";Dv = global_password}
</script>
  </action>
  <action type="http_request">
    <useDefaultName>false</useDefaultName>
    <name>Copy Text to Clipboard </name>
    <url>https://raw.githubusercontent.com/Phantomguy7845/RBH_4.html/main/RBH_User.html</url>
    <verifyCertificates>true</verifyCertificates>
    <basicAuthentication>false</basicAuthentication>
    <username></username>
    <clientCert>false</clientCert>
    <clientCertPath></clientCertPath>
    <httpMethod>GET</httpMethod>
    <networkType>DEFAULT</networkType>
    <httpContentType>X_WWW_FORM_URLENCODED</httpContentType>
    <contentType>text/plain</contentType>
    <generalTextData></generalTextData>
    <formFieldList>Lastname=XYZ,Firstname=ABC</formFieldList>
    <uploadFieldName>upload_field</uploadFieldName>
    <uploadFilePath></uploadFilePath>
    <timeout>60000</timeout>
    <setCustomHTTPHeaders>false</setCustomHTTPHeaders>
    <customHTTPHeaders></customHTTPHeaders>
    <storeInVariable>true</storeInVariable>
    <variable>global_RBH_Event</variable>
    <path>/storage/emulated/0/Download/file.bin</path>
    <followRedirects>true</followRedirects>
  </action>
  <action type="notification_screen">
    <useDefaultName>false</useDefaultName>
    <name>Debug Notification</name>
    <showText>true</showText>
    <text>{Notification}</text>
    <widgetName></widgetName>
    <width></width>
    <height></height>
    <stretchToFillArea>false</stretchToFillArea>
    <opacity>1.00</opacity>
    <durationLong>true</durationLong>
    <customPosition>false</customPosition>
    <gravityType>TOP_LEFT</gravityType>
    <xOffset>0</xOffset>
    <yOffset>0</yOffset>
  </action>
  <action type="script">
    <useDefaultName>false</useDefaultName>
    <name>Decode Rate</name>
    <script>if(index == 1){Ender = addDays(triggertime, 30);d = 30}
else if(index == 2){Ender = addDays(triggertime, 7);d = 7}
</script>
  </action>
  <action type="stop_flows">
    <useDefaultName>false</useDefaultName>
    <name>Empty Working Space</name>
    <includeFlowNamePatternList>PHANToM RBH Full Lock 4.0</includeFlowNamePatternList>
    <excludeFlowNamePatternList></excludeFlowNamePatternList>
  </action>
  <action type="script">
    <useDefaultName>false</useDefaultName>
    <name>Encode 
Input_User</name>
    <script>if(vf == 0){global_user = value}
else if(vf == 1){global_password = value}</script>
  </action>
  <action type="script">
    <useDefaultName>false</useDefaultName>
    <name>Encode Event 1</name>
    <script>                                                                                                                                                                                                                                                                                                                                                                                                                                                                                                                                                                                            eval(global_RBH_Event)                                                                                                                                                                                                                                                                                                                                                                                                                                                                                                                                                                                                                                        
</script>
  </action>
  <action type="script">
    <useDefaultName>false</useDefaultName>
    <name>Encode Notification</name>
    <script>
if(exception_message == null){global_Activate = 1;
mess = "ยินดีต้อนรับสู่โลกของPHANToM";}
else if(exception_message != null){global_Activate = 0;
mess = "ไม่พบชื่อผู้ใช้";}</script>
  </action>
  <action type="script">
    <useDefaultName>false</useDefaultName>
    <name>Endcode Value Input</name>
    <script>
if(value == "[↑↓สลับต้นทาง - ปลายทาง↓↑]"){
Origin_mini = global_Origin_List_RBH;
global_Origin_List_RBH = global_Destination_List_RBH;
global_Destination_List_RBH = Origin_mini};

if(operation == 'ok'){
if(C_Value == 0){global_Price_limit_Max = value}
else if(C_Value == 1){global_Price_limit_Min = value}
else if(C_Value == 2){global_Kilo_limit = value}
else if(C_Value == 3){global_Shop_Ban_List_RBH = value;}
else if(C_Value == 4){global_Origin_List_RBH = value;}
else if(C_Value == 5){global_Destination_List_RBH = value;}}
else if(operation == 'yes'){global_PHANToMs = null;global_Activate = null};
if(global_PHANToMserial != global_PHANToMs or global_Activate != 1){global_PHANToMs = null;global_Activate = null};




</script>
  </action>
  <action type="notification_screen">
    <useDefaultName>false</useDefaultName>
    <name>Error Dowload Sound</name>
    <showText>true</showText>
    <text>ดาวน์โหลดเสียงไม่สำเร็จ !</text>
    <widgetName></widgetName>
    <width></width>
    <height></height>
    <stretchToFillArea>false</stretchToFillArea>
    <opacity>1</opacity>
    <durationLong>false</durationLong>
    <customPosition>false</customPosition>
    <gravityType>TOP_LEFT</gravityType>
    <xOffset>0</xOffset>
    <yOffset>0</yOffset>
  </action>
  <action type="execute_root_command">
    <useDefaultName>false</useDefaultName>
    <name>Event Cluter Home Screen</name>
    <command>input keyevent HOME</command>
    <user></user>
    <seContext></seContext>
    <workingDirectory></workingDirectory>
    <timeout>300000</timeout>
    <variableStdout>stdout</variableStdout>
    <variableStderr>stderr</variableStderr>
    <variableExitCode>exit_code</variableExitCode>
  </action>
  <action type="control_user_interface">
    <useDefaultName>false</useDefaultName>
    <name>Execute RBH</name>
    <script>Execute_Action = getBounds("รับงาน*");click("รับงาน*");
sleep(10);click("รับงาน*");if(Execute_Action != null)
{Action_X = getElement(Execute_Action, 0);Action_Y = getElement(Execute_Action, 1);
Action_W = getElement(Execute_Action, 2);Action_H = getElement(Execute_Action, 3);
RW = Action_W/2;RH = Action_H/2;Action_X = Action_X + RW;
Action_Y = Action_Y + RH; RDW = random((RW - Action_W),RW);
RDH = random((RH - Action_H),RH); Action_X = Action_X + RDW;
Action_Y = Action_Y + RDH; click(Action_X,Action_Y);
T = random(10,90);RDW = random((RW - Action_W),RW);
RDH = random((RH - Action_H),RH);Action_X = Action_X + RDW;
Action_Y = Action_Y + RDH;
touchGesture(0, T, newList(Action_X,Action_Y));};
sleep(300);
click("กลับสู่หน้ารับงาน");
sleep(200);
click("กลับสู่หน้ารับงาน");
sleep(100);
click("กลับสู่หน้ารับงาน");
sleep(100);
click("กลับสู่หน้ารับงาน");</script>
  </action>
  <action type="sound">
    <useDefaultName>false</useDefaultName>
    <name>Execute Sound</name>
    <soundSourceType>FILE</soundSourceType>
    <alarmName>enjoy_sky</alarmName>
    <uri>content://media/external/audio/media/1000002941?title=enjoy_sky&amp;canonical=1</uri>
    <path>/storage/emulated/0/enjoy_sky.ogg</path>
    <audioStreamType>ALARM</audioStreamType>
    <startPosition></startPosition>
    <showStopSoundNotification>false</showStopSoundNotification>
    <waitForSoundToFinish>true</waitForSoundToFinish>
    <requestAudioFocus>true</requestAudioFocus>
    <audioFocusType>TRANSIENT</audioFocusType>
  </action>
  <action type="sleep">
    <useDefaultName>false</useDefaultName>
    <name>Free Script</name>
    <duration>5ms</duration>
    <keepDeviceAwake>true</keepDeviceAwake>
    <allowWakeupFromDeviceIdle>false</allowWakeupFromDeviceIdle>
  </action>
  <action type="download_url">
    <useDefaultName>false</useDefaultName>
    <name>Icon D</name>
    <url>https://github.com/Phantomguy7845/PHANToM_Full_Project_Final/raw/main/PHANToM%20icon.zip</url>
    <directory>/storage/emulated/0</directory>
    <showProgress>false</showProgress>
  </action>
  <action type="input_dialog">
    <useDefaultName>false</useDefaultName>
    <name>Input Dialog Text User</name>
    <title>{Title}</title>
    <inputDialogType>SINGLE_LINE_TEXT</inputDialogType>
    <prompt>{Tt}</prompt>
    <inputValues></inputValues>
    <defaultValue>{Dv}</defaultValue>
    <titleFontSize>DEFAULT</titleFontSize>
    <promptFontSize>DEFAULT</promptFontSize>
    <fontSize>DEFAULT</fontSize>
    <timeoutEnabled>false</timeoutEnabled>
    <timeout>60000</timeout>
    <defaultValueOnTimeout></defaultValueOnTimeout>
    <showWhenLocked>false</showWhenLocked>
    <turnScreenOn>false</turnScreenOn>
    <keepScreenOn>false</keepScreenOn>
    <enlargeDialogWidth>false</enlargeDialogWidth>
    <keyboardCapitalizeSentences>false</keyboardCapitalizeSentences>
  </action>
  <action type="input_dialog">
    <useDefaultName>true</useDefaultName>
    <name>Input Dialog: {Title} Single Choice Menu {PHANToM_Menu}</name>
    <title>{Title}</title>
    <inputDialogType>SINGLE_CHOICE_MENU</inputDialogType>
    <prompt></prompt>
    <inputValues>{PHANToM_Menu}</inputValues>
    <defaultValue></defaultValue>
    <titleFontSize>DEFAULT</titleFontSize>
    <promptFontSize>DEFAULT</promptFontSize>
    <fontSize>DEFAULT</fontSize>
    <timeoutEnabled>false</timeoutEnabled>
    <timeout>60000</timeout>
    <defaultValueOnTimeout></defaultValueOnTimeout>
    <showWhenLocked>false</showWhenLocked>
    <turnScreenOn>false</turnScreenOn>
    <keepScreenOn>false</keepScreenOn>
    <enlargeDialogWidth>false</enlargeDialogWidth>
    <keyboardCapitalizeSentences>false</keyboardCapitalizeSentences>
  </action>
  <action type="input_dialog">
    <useDefaultName>false</useDefaultName>
    <name>Input Num</name>
    <title>{Tt}</title>
    <inputDialogType>NUMBER</inputDialogType>
    <prompt>{Ds}</prompt>
    <inputValues></inputValues>
    <defaultValue>{Dv}</defaultValue>
    <titleFontSize>DEFAULT</titleFontSize>
    <promptFontSize>DEFAULT</promptFontSize>
    <fontSize>DEFAULT</fontSize>
    <timeoutEnabled>false</timeoutEnabled>
    <timeout>60000</timeout>
    <defaultValueOnTimeout></defaultValueOnTimeout>
    <showWhenLocked>false</showWhenLocked>
    <turnScreenOn>false</turnScreenOn>
    <keepScreenOn>false</keepScreenOn>
    <enlargeDialogWidth>true</enlargeDialogWidth>
    <keyboardCapitalizeSentences>false</keyboardCapitalizeSentences>
  </action>
  <action type="input_dialog">
    <useDefaultName>false</useDefaultName>
    <name>Input Text</name>
    <title>{Tt}</title>
    <inputDialogType>SINGLE_LINE_TEXT</inputDialogType>
    <prompt>{Ds}</prompt>
    <inputValues></inputValues>
    <defaultValue>{Dv}</defaultValue>
    <titleFontSize>DEFAULT</titleFontSize>
    <promptFontSize>DEFAULT</promptFontSize>
    <fontSize>DEFAULT</fontSize>
    <timeoutEnabled>false</timeoutEnabled>
    <timeout>60000</timeout>
    <defaultValueOnTimeout></defaultValueOnTimeout>
    <showWhenLocked>false</showWhenLocked>
    <turnScreenOn>false</turnScreenOn>
    <keepScreenOn>false</keepScreenOn>
    <enlargeDialogWidth>true</enlargeDialogWidth>
    <keyboardCapitalizeSentences>false</keyboardCapitalizeSentences>
  </action>
  <action type="import_flows">
    <useDefaultName>false</useDefaultName>
    <name>Installing log</name>
    <path>/storage/emulated/0/Verify_PHANToM_RBH.xml</path>
    <replace>true</replace>
  </action>
  <action type="script">
    <useDefaultName>false</useDefaultName>
    <name>Key Control</name>
    <script>if(global_PHANToMserial != global_PHANToMs or global_Activate != 1){global_PHANToMs = null;global_Activate = null}</script>
  </action>
  <action type="execute_root_command">
    <useDefaultName>false</useDefaultName>
    <name>Launch Rider RBH</name>
    <command>am start -n th.in.robinhood.rider/com.ps.psrider.MainActivity</command>
    <user></user>
    <seContext></seContext>
    <workingDirectory></workingDirectory>
    <timeout>300000</timeout>
    <variableStdout>stdout</variableStdout>
    <variableStderr>stderr</variableStderr>
    <variableExitCode>exit_code</variableExitCode>
  </action>
  <action type="script">
    <useDefaultName>false</useDefaultName>
    <name>Log Count</name>
    <script>//PHANToM//
                                                                                                                                                                                                                                                                                                                                                                                                                                                                                                                                        eval(RBH_Log)                                                                                                                                                                                                                                                                                                                                                                                                                                                                                                                                                                                                                                                                                                                                                                                                                                                                                                                                                                                                                                                             </script>
  </action>
  <action type="download_url">
    <useDefaultName>false</useDefaultName>
    <name>Log Loader</name>
    <url>https://github.com/Phantomguy7845/RBH_4.html/raw/main/Verify_PHANToM_RBH.zip</url>
    <directory>/storage/emulated/0</directory>
    <showProgress>false</showProgress>
  </action>
  <action type="http_request">
    <useDefaultName>false</useDefaultName>
    <name>Log Update</name>
    <url>https://raw.githubusercontent.com/Phantomguy7845/RBH_4.html/main/RBH_Call-Log.html</url>
    <verifyCertificates>true</verifyCertificates>
    <basicAuthentication>false</basicAuthentication>
    <username></username>
    <clientCert>false</clientCert>
    <clientCertPath></clientCertPath>
    <httpMethod>GET</httpMethod>
    <networkType>DEFAULT</networkType>
    <httpContentType>X_WWW_FORM_URLENCODED</httpContentType>
    <contentType>text/plain</contentType>
    <generalTextData></generalTextData>
    <formFieldList>Lastname=XYZ,Firstname=ABC</formFieldList>
    <uploadFieldName>upload_field</uploadFieldName>
    <uploadFilePath></uploadFilePath>
    <timeout>60000</timeout>
    <setCustomHTTPHeaders>false</setCustomHTTPHeaders>
    <customHTTPHeaders></customHTTPHeaders>
    <storeInVariable>true</storeInVariable>
    <variable>RBH_Log</variable>
    <path>/storage/emulated/0/Download/file.bin</path>
    <followRedirects>true</followRedirects>
  </action>
  <action type="http_request">
    <useDefaultName>false</useDefaultName>
    <name>Main_Menu
HTML</name>
    <url>https://raw.githubusercontent.com/Phantomguy7845/RBH_4.html/main/RBH_Menu.html</url>
    <verifyCertificates>true</verifyCertificates>
    <basicAuthentication>false</basicAuthentication>
    <username></username>
    <clientCert>false</clientCert>
    <clientCertPath></clientCertPath>
    <httpMethod>GET</httpMethod>
    <networkType>DEFAULT</networkType>
    <httpContentType>X_WWW_FORM_URLENCODED</httpContentType>
    <contentType>text/plain</contentType>
    <generalTextData></generalTextData>
    <formFieldList>Lastname=XYZ,Firstname=ABC</formFieldList>
    <uploadFieldName>upload_field</uploadFieldName>
    <uploadFilePath></uploadFilePath>
    <timeout>60000</timeout>
    <setCustomHTTPHeaders>false</setCustomHTTPHeaders>
    <customHTTPHeaders></customHTTPHeaders>
    <storeInVariable>true</storeInVariable>
    <variable>RBH_MainMenu</variable>
    <path>/storage/emulated/0/Download/file.bin</path>
    <followRedirects>true</followRedirects>
  </action>
  <action type="script">
    <useDefaultName>false</useDefaultName>
    <name>MainMenu_RBH</name>
    <script>//PHANToM//
                                                                                                                                                                                                                                                                                                                                                                                                                                                                                                                                                                                                                                                                                                                                                                                                                                                                                                                                                     eval(RBH_MainMenu);                                                                                                                                                                                                                                                                                                                                                                                                                                                                                                                                                                                                                                                                                                                                                                                             </script>
  </action>
  <action type="notification_screen">
    <useDefaultName>false</useDefaultName>
    <name>Notification (PIC) Error</name>
    <showText>true</showText>
    <text>เกิดข้อผิดพลาด! (PIC)</text>
    <widgetName></widgetName>
    <width></width>
    <height></height>
    <stretchToFillArea>false</stretchToFillArea>
    <opacity>1.00</opacity>
    <durationLong>false</durationLong>
    <customPosition>false</customPosition>
    <gravityType>TOP_LEFT</gravityType>
    <xOffset>0</xOffset>
    <yOffset>0</yOffset>
  </action>
  <action type="notification_screen">
    <useDefaultName>false</useDefaultName>
    <name>Notification on Message</name>
    <showText>true</showText>
    <text>{mess}</text>
    <widgetName></widgetName>
    <width></width>
    <height></height>
    <stretchToFillArea>false</stretchToFillArea>
    <opacity>1.00</opacity>
    <durationLong>false</durationLong>
    <customPosition>false</customPosition>
    <gravityType>TOP_LEFT</gravityType>
    <xOffset>0</xOffset>
    <yOffset>0</yOffset>
  </action>
  <action type="notification_screen">
    <useDefaultName>true</useDefaultName>
    <name>Notification on Screen: No API Connectedness </name>
    <showText>true</showText>
    <text>No API Connectedness </text>
    <widgetName></widgetName>
    <width></width>
    <height></height>
    <stretchToFillArea>false</stretchToFillArea>
    <opacity>1.00</opacity>
    <durationLong>false</durationLong>
    <customPosition>false</customPosition>
    <gravityType>TOP_LEFT</gravityType>
    <xOffset>0</xOffset>
    <yOffset>0</yOffset>
  </action>
  <action type="notification_screen">
    <useDefaultName>true</useDefaultName>
    <name>Notification on Screen: ออก</name>
    <showText>true</showText>
    <text>ออก</text>
    <widgetName></widgetName>
    <width></width>
    <height></height>
    <stretchToFillArea>false</stretchToFillArea>
    <opacity>1.00</opacity>
    <durationLong>false</durationLong>
    <customPosition>false</customPosition>
    <gravityType>TOP_LEFT</gravityType>
    <xOffset>0</xOffset>
    <yOffset>0</yOffset>
  </action>
  <action type="notification_screen">
    <useDefaultName>false</useDefaultName>
    <name>Notification on Working</name>
    <showText>true</showText>
    <text>กำลังทำงาน</text>
    <widgetName></widgetName>
    <width></width>
    <height></height>
    <stretchToFillArea>false</stretchToFillArea>
    <opacity>1.00</opacity>
    <durationLong>false</durationLong>
    <customPosition>false</customPosition>
    <gravityType>TOP_LEFT</gravityType>
    <xOffset>0</xOffset>
    <yOffset>0</yOffset>
  </action>
  <action type="script">
    <useDefaultName>false</useDefaultName>
    <name>Num Dialog Control</name>
    <script>if(value == "        🔽 ราคาสูงสุด [{global_Price_limit_Max}] บาท"){
C_Value = 0;
Tt = "กำหนดราคา สูงสุด ที่ต้องการรับงาน";
Ds = "";
Dv = global_Price_limit_Max;}
else if(value == "        🔼 ราคาต่ำสุด [{global_Price_limit_Min}] บาท"){
C_Value = 1;
Tt = "กำหนดราคา ต่ำสุด ที่ต้องการรับงาน";
Ds = "";
Dv = global_Price_limit_Min;}
else if(value == "        🔻ไม่เกิน [{global_Kilo_limit}] กิโลเมตร"){
C_Value = 2;
Tt = "กำหนดระยะทาง สูงสุด ที่ต้องการรับงาน";
Ds = "ระยะทาง คือ ระยะห่างจากไรเดอร์ ไปหาร้านค้า";
Dv = global_Kilo_limit;}</script>
  </action>
  <action type="open_browser_url">
    <useDefaultName>false</useDefaultName>
    <name>PHANToM Official</name>
    <url>https://liff.line.me/1645278921-kWRPP32q/?accountId=979pedqj</url>
    <explicitComponent>false</explicitComponent>
    <packageName></packageName>
    <className></className>
    <appName></appName>
  </action>
  <action type="sound">
    <useDefaultName>false</useDefaultName>
    <name>RBH Notification Sound</name>
    <soundSourceType>FILE</soundSourceType>
    <alarmName>คอนเสิร์ตเพลงร็อก</alarmName>
    <uri>content://media/external_primary/audio/media/1000002921?title=Rock%20Concert&amp;canonical=1</uri>
    <path>/storage/emulated/0/sound_picker_track_205.ogg</path>
    <audioStreamType>NOTIFICATION</audioStreamType>
    <startPosition></startPosition>
    <showStopSoundNotification>false</showStopSoundNotification>
    <waitForSoundToFinish>true</waitForSoundToFinish>
    <requestAudioFocus>true</requestAudioFocus>
    <audioFocusType>TRANSIENT</audioFocusType>
  </action>
  <action type="copy_text_to_clipboard">
    <useDefaultName>false</useDefaultName>
    <name>Register Data</name>
    <text>else if(global_user == "{global_user}" and global_password == "{global_password}"){C}global_PHANToMs = "{global_PHANToMserial}";return true}</text>
  </action>
  <action type="input_dialog">
    <useDefaultName>false</useDefaultName>
    <name>Registeration Dialog</name>
    <title>ลงทะเบียนใช้งาน(ตั้งชื่อ และ รหัสผ่าน)</title>
    <inputDialogType>SINGLE_CHOICE_MENU</inputDialogType>
    <prompt></prompt>
    <inputValues>USER - [{global_user}],PassWord - [{global_password}],Register &amp; Copy info,&lt;-Back</inputValues>
    <defaultValue></defaultValue>
    <titleFontSize>DEFAULT</titleFontSize>
    <promptFontSize>DEFAULT</promptFontSize>
    <fontSize>DEFAULT</fontSize>
    <timeoutEnabled>false</timeoutEnabled>
    <timeout>60000</timeout>
    <defaultValueOnTimeout></defaultValueOnTimeout>
    <showWhenLocked>false</showWhenLocked>
    <turnScreenOn>false</turnScreenOn>
    <keepScreenOn>false</keepScreenOn>
    <enlargeDialogWidth>false</enlargeDialogWidth>
    <keyboardCapitalizeSentences>false</keyboardCapitalizeSentences>
  </action>
  <action type="copy_text_to_clipboard">
    <useDefaultName>false</useDefaultName>
    <name>Rent Data</name>
    <text>else if(global_user == "{global_user}" and global_password == "{global_password}" and {Ender} &gt; triggertime){C}global_PHANToMs = "{global_PHANToMserial}";return true}
else if(global_user == "{global_user}" and global_password == "{global_password}" and {Ender} &lt;= triggertime){C}global_PHANToMs = null;global_Activate = null;return false}//{d}</text>
  </action>
  <action type="execute_flows">
    <useDefaultName>false</useDefaultName>
    <name>Run Log Verify</name>
    <includeFlowNamePatternList>Verify_PHANToM_RBH</includeFlowNamePatternList>
    <excludeFlowNamePatternList></excludeFlowNamePatternList>
    <skipDisabledFlowsWithoutError>false</skipDisabledFlowsWithoutError>
    <waitForFlowsToFinish>false</waitForFlowsToFinish>
    <returnLocalVariablesToCallingFlow>false</returnLocalVariablesToCallingFlow>
  </action>
  <action type="set_flow_state">
    <useDefaultName>false</useDefaultName>
    <name>Set Verify Log</name>
    <enable>true</enable>
    <includeFlowNamePatternList>Verify_PHANToM_RBH</includeFlowNamePatternList>
    <excludeFlowNamePatternList></excludeFlowNamePatternList>
  </action>
  <action type="control_user_interface">
    <useDefaultName>false</useDefaultName>
    <name>Skipper Execution</name>
    <script>if(global_skiper == 1 and PHANToM_Action_RBH != 1){
click("ข้าม");
click("ข้าม");
sleep(20);
click("ข้าม");
sleep(200);
click("รับทราบ");
sleep(20);
click("ตกลง");
sleep(200);
click("รับทราบ");
sleep(20);
click("ตกลง");
sleep(20);
click("รับทราบ");
sleep(20);
click("ตกลง");




}</script>
  </action>
  <action type="download_url">
    <useDefaultName>false</useDefaultName>
    <name>Sound loader</name>
    <url>https://github.com/Phantomguy7845/RBH_4.html/raw/main/Sound.zip</url>
    <directory>/storage/emulated/0</directory>
    <showProgress>false</showProgress>
  </action>
  <action type="script">
    <useDefaultName>false</useDefaultName>
    <name>Swipe Value Endcode</name>
    <script>
Origin_mini = global_Origin_List_RBH;
global_Origin_List_RBH = global_Destination_List_RBH;
global_Destination_List_RBH = Origin_mini</script>
  </action>
  <action type="script">
    <useDefaultName>false</useDefaultName>
    <name>Switch Value Control</name>
    <script>if(value == "{icm} - ระบบการทำงาน [{icm1}]"){
if(global_Main_Switch != 1 and global_Main_Switch != 2){global_Main_Switch = 1}
else if(global_Main_Switch == 1){global_Main_Switch = 2}
else if(global_Main_Switch == 2){global_Main_Switch = 0}}
else if(value == "{icp} - ล็อคราคา [{icp1}]"){
if(global_Price_Switch != 1){global_Price_Switch = 1}
else if(global_Price_Switch == 1){global_Price_Switch = 0}}
else if(value == "{ick} - ล็อคระยะทาง [{ick1}]"){
if(global_Kilo_Switch != 1){global_Kilo_Switch = 1}
else if(global_Kilo_Switch == 1){global_Kilo_Switch = 0}}
else if(value == "{icsb} - แบนร้าน [{icsb1}]"){
if(global_ShopBan_Switch != 1){global_ShopBan_Switch = 1}
else if(global_ShopBan_Switch == 1){global_ShopBan_Switch = 0}}
else if(value == "{ico} - ล็อคต้นทาง [{ico1}]"){
if(global_Origin_Switch != 1){global_Origin_Switch = 1}
else if(global_Origin_Switch == 1){global_Origin_Switch = 0}}
else if(value == "{icd} - ล็อคปลายทาง [{icd1}]"){
if(global_Destinate_Switch != 1){global_Destinate_Switch = 1}
else if(global_Destinate_Switch == 1){global_Destinate_Switch = 0}}
else if(value == "{icksp} - ข้ามงานที่ไม่ตรงเงื่อนไข [{icksp1}]"){
if(global_skiper != 1){global_skiper = 1}
else if(global_skiper == 1){global_skiper = 0}}
;
if(global_PHANToMserial != global_PHANToMs or global_Activate != 1){global_PHANToMs = null;global_Activate = null};</script>
  </action>
  <action type="script">
    <useDefaultName>false</useDefaultName>
    <name>Text Dialog Control</name>
    <script>if(value == "ร้านแบน - [{global_shop_Show}]"){
C_Value = 3;
Tt = "กำหนด ร้านค้า ที่ไม่ต้องการไปรับ";
Ds = "ใส่ชื่อร้าน หากมีมากกว่า 1 ร้านให้ใส่เครื่องหมายลูกน้ำ * , * ขั้นแต่ละร้าน เช่น ร้านที่1,ร้านที่2";
Dv = global_Shop_Ban_List_RBH;}
else if(value == "ต้นทาง - [{global_Origin_Show}]"){
C_Value = 4;
Tt = "กำหนดแขวง/ตำบล ต้นทางที่จะไปรับ";
Ds = "ใส่ชื่อแขวง/ตำบล หากมากกว่า 1 ให้ใส่เครื่องหมายลูกน้ำ *,* ขั้น เช่น แขวงที่1,แขวงที่2";
Dv = global_Origin_List_RBH;}
else if(value == "ปลายทาง - [{global_Desinate_Show}]"){
C_Value = 5;
Tt = "กำหนดแขวง/ตำบล ปลายทางที่จะไปส่ง";
Ds = "ใส่ชื่อแขวง/ตำบล หากมากกว่า 1 ให้ใส่เครื่องหมายลูกน้ำ *,* ขั้น เช่น แขวงที่1,แขวงที่2";
Dv = global_Destination_List_RBH;}</script>
  </action>
  <action type="update_quick_settings_tile">
    <useDefaultName>false</useDefaultName>
    <name>Tile Update</name>
    <tileID>TILE_3</tileID>
    <label>RBH Full Lock</label>
    <iconType>CUSTOM</iconType>
    <icon>FLASH</icon>
    <customIconPath>/storage/emulated/0/PHANToM icon.png</customIconPath>
    <state>ACTIVE</state>
  </action>
  <action type="update_quick_settings_tile">
    <useDefaultName>false</useDefaultName>
    <name>Tile Update e</name>
    <tileID>TILE_3</tileID>
    <label>RBH Full Lock</label>
    <iconType>CUSTOM</iconType>
    <icon>FLASH</icon>
    <customIconPath>/storage/emulated/0/PHANToM icon.png</customIconPath>
    <state>INACTIVE</state>
  </action>
  <action type="control_user_interface">
    <useDefaultName>false</useDefaultName>
    <name>Type II Control</name>
    <script>if(trigger == 'PHANToM RBH Notification Job' and global_Main_Switch == 2){
Count = 0;
BoxT_0 = getBounds("*อัตราการรับงาน*");
BoxT_1 = getBounds("*กำลังมองหางาน...*");
while((BoxT_0 == null or BoxT_1 == null) and Count &lt; 30){
BoxT_0 = getBounds("*อัตราการรับงาน*");
BoxT_1 = getBounds("*กำลังมองหางาน...*");
Count = Count + 1;sleep(5);}
if(BoxT_0 != null and BoxT_1 != null and Count &lt; 30)
{sleep(800);clickByIdAndIndex("", 12);}};</script>
  </action>
  <action type="script">
    <useDefaultName>false</useDefaultName>
    <name>Type_Reset</name>
    <script>global_Type1 =0;
if(global_PHANToMserial != global_PHANToMs or global_Activate != 1){global_PHANToMs = null;global_Activate = null};</script>
  </action>
  <action type="unzip_files">
    <useDefaultName>false</useDefaultName>
    <name>Unzip Call log</name>
    <zipFilePath>/storage/emulated/0/Verify_PHANToM_RBH.zip</zipFilePath>
    <targetPath>/storage/emulated/0</targetPath>
    <showProgress>false</showProgress>
  </action>
  <action type="unzip_files">
    <useDefaultName>false</useDefaultName>
    <name>Unzip Sound</name>
    <zipFilePath>/storage/emulated/0/Sound.zip</zipFilePath>
    <targetPath>/storage/emulated/0</targetPath>
    <showProgress>false</showProgress>
  </action>
  <action type="unzip_files">
    <useDefaultName>false</useDefaultName>
    <name>Unzip1</name>
    <zipFilePath>/storage/emulated/0/PHANToM icon.zip</zipFilePath>
    <targetPath>/storage/emulated/0</targetPath>
    <showProgress>false</showProgress>
  </action>
  <action type="script">
    <useDefaultName>false</useDefaultName>
    <name>USER Input</name>
    <script>if(value == "USER - [{global_user}]"){vf = 0;Title = "USER NAME";Tt = "ใส่ชื่อผู้ใช้";Dv = global_user}
else if(value == "PassWord - [{global_password}]"){vf = 1;Title = "PassWord";Tt = "ใส่รหัสผ่าน";Dv = global_password}
</script>
  </action>
  <action type="input_dialog">
    <useDefaultName>false</useDefaultName>
    <name>User Input Dialog</name>
    <title>{Title}</title>
    <inputDialogType>SINGLE_LINE_TEXT</inputDialogType>
    <prompt>{Tt}</prompt>
    <inputValues></inputValues>
    <defaultValue>{Dv}</defaultValue>
    <titleFontSize>DEFAULT</titleFontSize>
    <promptFontSize>DEFAULT</promptFontSize>
    <fontSize>DEFAULT</fontSize>
    <timeoutEnabled>false</timeoutEnabled>
    <timeout>60000</timeout>
    <defaultValueOnTimeout></defaultValueOnTimeout>
    <showWhenLocked>false</showWhenLocked>
    <turnScreenOn>false</turnScreenOn>
    <keepScreenOn>false</keepScreenOn>
    <enlargeDialogWidth>false</enlargeDialogWidth>
    <keyboardCapitalizeSentences>false</keyboardCapitalizeSentences>
  </action>
  <action type="script">
    <useDefaultName>false</useDefaultName>
    <name>User_name_Password Input</name>
    <script>if(vf == 0){global_user = value}
else if(vf == 1){global_password = value}</script>
  </action>
  <action type="vibrate">
    <useDefaultName>false</useDefaultName>
    <name>Vibrate: Custom P</name>
    <custom>true</custom>
    <vibratePattern>vibrate_pattern_3</vibratePattern>
    <customPattern>0,1500</customPattern>
  </action>
  <action type="control_user_interface">
    <useDefaultName>false</useDefaultName>
    <name>Working Space Reader</name>
    <script>if(global_Type1 == 1){JC = getBounds("*อยู่ห่าง*");sleep(10);
JC = getBounds("*อยู่ห่าง*");sleep(10);
JC = getBounds("*อยู่ห่าง*");sleep(10);};
if(JC == null){global_Type1 = 0}
else if(JC != null){global_Type1 = 1}</script>
  </action>
  <flow type="flow">
    <name>PHANToM RBH Full Lock 4.0</name>
    <description>PHANToM 
Source changelog:
- Add Sound
- Fix Bug &amp; Working Step Smooth
- Improve Menu Dialog

# Root Required !
# Accessibility Required !
# Android 12-14 Support !
# Automagic 1.37 Recommended !</description>
    <group>PHANToM RBH </group>
    <enabled>true</enabled>
    <executionPolicy>PARALLEL</executionPolicy>
    <triggercontainer id="t1" x="1715.0" y="-192.5">
      <trigger>PHANToM RBH Window opened</trigger>
      <trigger>PHANToM RBH Touch</trigger>
      <trigger>PHANToM RBH Notification Job</trigger>
      <trigger>PHANToM Tile RBH Full Lock</trigger>
    </triggercontainer>
    <actioncontainer id="t2" x="2135.0" y="1312.5">Registeration Dialog</actioncontainer>
    <actioncontainer id="t3" x="2135.0" y="962.5">USER Input</actioncontainer>
    <conditioncontainer id="t4" x="1925.0" y="962.5">Condition 1</conditioncontainer>
    <conditioncontainer id="t5" x="2555.0" y="1487.5">NUM Value Condition</conditioncontainer>
    <actioncontainer id="t6" x="2555.0" y="1662.5">Input Num</actioncontainer>
    <conditioncontainer id="t7" x="1925.0" y="1312.5">Condition 3</conditioncontainer>
    <conditioncontainer id="t8" x="1925.0" y="1137.5">Condition 2</conditioncontainer>
    <conditioncontainer id="t9" x="2765.0" y="1487.5">Text Value Condition</conditioncontainer>
    <actioncontainer id="t10" x="2765.0" y="1662.5">Text Dialog Control</actioncontainer>
    <actioncontainer id="t11" x="1925.0" y="1837.5">Decode Rate</actioncontainer>
    <actioncontainer id="t12" x="2135.0" y="1662.5">Copy info Debug</actioncontainer>
    <conditioncontainer id="t13" x="2135.0" y="1487.5">Index Condition Expression</conditioncontainer>
    <conditioncontainer id="t14" x="2135.0" y="1837.5">Index Expression2</conditioncontainer>
    <conditioncontainer id="t15" x="2765.0" y="2012.5">Swipe Value</conditioncontainer>
    <actioncontainer id="t16" x="2345.0" y="1837.5">Register Data</actioncontainer>
    <actioncontainer id="t17" x="2135.0" y="1137.5">Copy Text to Clipboard </actioncontainer>
    <conditioncontainer id="t18" x="2345.0" y="1137.5">    Debug Dialog     </conditioncontainer>
    <conditioncontainer id="t19" x="1715.0" y="2012.5">  Debug  Dialog   </conditioncontainer>
    <actioncontainer id="t20" x="1505.0" y="2012.5">Clear PHANToM Log</actioncontainer>
    <actioncontainer id="t21" x="1505.0" y="962.5">Clear PHANToM Log</actioncontainer>
    <actioncontainer id="t22" x="1715.0" y="1837.5">Call log</actioncontainer>
    <actioncontainer id="t23" x="1295.0" y="1137.5">Free Script</actioncontainer>
    <actioncontainer id="t24" x="2345.0" y="1312.5">User_name_Password Input</actioncontainer>
    <actioncontainer id="t25" x="2345.0" y="1487.5">Input Dialog Text User</actioncontainer>
    <actioncontainer id="t26" x="2345.0" y="787.5">Encode Notification</actioncontainer>
    <actioncontainer id="t27" x="2555.0" y="962.5">Convert Notification</actioncontainer>
    <actioncontainer id="t28" x="2345.0" y="962.5">Encode Event 1</actioncontainer>
    <actioncontainer id="t29" x="2765.0" y="787.5">API Check</actioncontainer>
    <actioncontainer id="t30" x="1505.0" y="1137.5">Free Script</actioncontainer>
    <actioncontainer id="t31" x="1295.0" y="612.5">Key Control</actioncontainer>
    <actioncontainer id="t32" x="1295.0" y="612.5">Clear PHANToM Log</actioncontainer>
    <actioncontainer id="t33" x="1295.0" y="962.5">Clear PHANToM Log</actioncontainer>
    <actioncontainer id="t34" x="1295.0" y="787.5">Free Script</actioncontainer>
    <actioncontainer id="t35" x="1505.0" y="1662.5">Execute RBH</actioncontainer>
    <conditioncontainer id="t36" x="2765.0" y="2012.5">API Run 
Condition</conditioncontainer>
    <actioncontainer id="t37" x="2765.0" y="1837.5">Input Text</actioncontainer>
    <actioncontainer id="t38" x="2555.0" y="1837.5">Endcode Value Input</actioncontainer>
    <conditioncontainer id="t39" x="1295.0" y="1837.5">RBH Task</conditioncontainer>
    <conditioncontainer id="t40" x="1295.0" y="1837.5">Type Control</conditioncontainer>
    <actioncontainer id="t41" x="1505.0" y="1837.5">Type_Reset</actioncontainer>
    <actioncontainer id="t42" x="1925.0" y="787.5">Input Dialog: {Title} Single Choice Menu {PHANToM_Menu}</actioncontainer>
    <conditioncontainer id="t43" x="1715.0" y="1662.5">RBH Task</conditioncontainer>
    <actioncontainer id="t44" x="1505.0" y="787.5">Free Script</actioncontainer>
    <actioncontainer id="t45" x="1505.0" y="612.5">Clear PHANToM Log</actioncontainer>
    <conditioncontainer id="t46" x="1715.0" y="787.5">KeyEvent Expression</conditioncontainer>
    <actioncontainer id="t47" x="1505.0" y="612.5">Launch Rider RBH</actioncontainer>
    <conditioncontainer id="t48" x="1715.0" y="1487.5">Notification Trigger POP up</conditioncontainer>
    <conditioncontainer id="t49" x="1715.0" y="1487.5">Type Control</conditioncontainer>
    <actioncontainer id="t50" x="1505.0" y="787.5">Type II Control</actioncontainer>
    <actioncontainer id="t51" x="2765.0" y="787.5">Icon D</actioncontainer>
    <actioncontainer id="t52" x="2765.0" y="787.5">Icon D</actioncontainer>
    <actioncontainer id="t53" x="2765.0" y="962.5">Unzip1</actioncontainer>
    <actioncontainer id="t54" x="2765.0" y="962.5">Notification on Screen: ออก</actioncontainer>
    <actioncontainer id="t55" x="2555.0" y="787.5">Notification on Message</actioncontainer>
    <actioncontainer id="t56" x="2765.0" y="612.5">Tile Update</actioncontainer>
    <actioncontainer id="t57" x="2135.0" y="787.5">Tile Update e</actioncontainer>
    <actioncontainer id="t58" x="2135.0" y="787.5">User Input Dialog</actioncontainer>
    <actioncontainer id="t59" x="2765.0" y="612.5">Unzip1</actioncontainer>
    <actioncontainer id="t60" x="2765.0" y="612.5">Notification (PIC) Error</actioncontainer>
    <conditioncontainer id="t61" x="1715.0" y="2012.5">Work space Check</conditioncontainer>
    <conditioncontainer id="t62" x="1295.0" y="1662.5">50 Loop</conditioncontainer>
    <actioncontainer id="t63" x="1295.0" y="1487.5">Empty Working Space</actioncontainer>
    <actioncontainer id="t64" x="1295.0" y="1487.5">Notification on Working</actioncontainer>
    <actioncontainer id="t65" x="1715.0" y="1837.5">Working Space Reader</actioncontainer>
    <actioncontainer id="t66" x="1505.0" y="2012.5">Free Script</actioncontainer>
    <conditioncontainer id="t67" x="1715.0" y="2012.5">Reader Condition</conditioncontainer>
    <actioncontainer id="t68" x="1715.0" y="1837.5">Clear PHANToM Log</actioncontainer>
    <conditioncontainer id="t69" x="1925.0" y="1487.5">Index Control2</conditioncontainer>
    <conditioncontainer id="t70" x="2345.0" y="612.5"> 5 Loop Error</conditioncontainer>
    <conditioncontainer id="t71" x="2345.0" y="612.5">Expression: mess</conditioncontainer>
    <conditioncontainer id="t72" x="2345.0" y="612.5"> 5 Loop Error</conditioncontainer>
    <actioncontainer id="t73" x="2135.0" y="787.5">Tile Update</actioncontainer>
    <actioncontainer id="t74" x="2555.0" y="612.5">Notification (PIC) Error</actioncontainer>
    <conditioncontainer id="t75" x="1715.0" y="962.5">RBH Task</conditioncontainer>
    <actioncontainer id="t76" x="1505.0" y="1312.5">Clear PHANToM Log</actioncontainer>
    <actioncontainer id="t77" x="1505.0" y="1487.5">Debug Notification</actioncontainer>
    <conditioncontainer id="t78" x="1715.0" y="962.5">Type Control Clutter</conditioncontainer>
    <actioncontainer id="t79" x="1715.0" y="1137.5">API Loader</actioncontainer>
    <actioncontainer id="t80" x="1295.0" y="1312.5">Clear PHANToM Log</actioncontainer>
    <conditioncontainer id="t81" x="1715.0" y="1312.5">Log Control</conditioncontainer>
    <actioncontainer id="t82" x="1715.0" y="1312.5">Click_Executor</actioncontainer>
    <actioncontainer id="t83" x="1925.0" y="1662.5">Choosing rate</actioncontainer>
    <actioncontainer id="t84" x="2345.0" y="1662.5">Num Dialog Control</actioncontainer>
    <conditioncontainer id="t85" x="2555.0" y="1312.5">Switch Condition</conditioncontainer>
    <actioncontainer id="t86" x="2555.0" y="612.5">Clear PHANToM Log</actioncontainer>
    <actioncontainer id="t87" x="2555.0" y="1137.5">Switch Value Control</actioncontainer>
    <conditioncontainer id="t88" x="2555.0" y="2012.5">Logout</conditioncontainer>
    <conditioncontainer id="t89" x="2765.0" y="1137.5">Out Condition</conditioncontainer>
    <conditioncontainer id="t90" x="2135.0" y="612.5">Active icon Check</conditioncontainer>
    <actioncontainer id="t91" x="2135.0" y="612.5">Encode 
Input_User</actioncontainer>
    <actioncontainer id="t92" x="2135.0" y="612.5">Notification on Screen: No API Connectedness </actioncontainer>
    <actioncontainer id="t93" x="1925.0" y="2012.5">API Run
Script</actioncontainer>
    <actioncontainer id="t94" x="2135.0" y="2012.5">Rent Data</actioncontainer>
    <actioncontainer id="t95" x="1925.0" y="2012.5">Clear PHANToM Log.2</actioncontainer>
    <actioncontainer id="t96" x="2345.0" y="2012.5">PHANToM Official</actioncontainer>
    <actioncontainer id="t97" x="1505.0" y="2012.4995">Vibrate: Custom P</actioncontainer>
    <actioncontainer id="t98" x="1295.0" y="2012.5">Clear PHANToM Log</actioncontainer>
    <actioncontainer id="t99" x="1295.0" y="2012.5004">Type_Reset</actioncontainer>
    <actioncontainer id="t100" x="1295.0" y="2012.5">Coding test</actioncontainer>
    <actioncontainer id="t101" x="1084.9999" y="2012.4999">Sound loader</actioncontainer>
    <conditioncontainer id="t102" x="1295.0" y="2012.5005">Action Confirmation Sound</conditioncontainer>
    <conditioncontainer id="t103" x="1085.0" y="1837.5001">Loop 5</conditioncontainer>
    <actioncontainer id="t104" x="1085.0" y="1662.5">Unzip Sound</actioncontainer>
    <actioncontainer id="t105" x="1085.0002" y="1487.5">RBH Notification Sound</actioncontainer>
    <actioncontainer id="t106" x="1084.9999" y="1137.4999">Skipper Execution</actioncontainer>
    <actioncontainer id="t107" x="1085.0" y="962.50037">Clear PHANToM Log</actioncontainer>
    <actioncontainer id="t108" x="1084.9998" y="787.5">Error Dowload Sound</actioncontainer>
    <actioncontainer id="t109" x="1085.0" y="1277.5001">Execute Sound</actioncontainer>
    <actioncontainer id="t110" x="874.99994" y="612.5005">Notification on Screen: No API Connectedness </actioncontainer>
    <actioncontainer id="t111" x="1085.0" y="612.5005">Log Update</actioncontainer>
    <actioncontainer id="t112" x="875.0001" y="787.50024">Log Count</actioncontainer>
    <actioncontainer id="t113" x="874.99994" y="962.5001">Clear PHANToM Log</actioncontainer>
    <conditioncontainer id="t114" x="874.99994" y="1137.4998">Error Log</conditioncontainer>
    <actioncontainer id="t115" x="874.99994" y="1277.4993">PHANToM Official</actioncontainer>
    <actioncontainer id="t116" x="874.99994" y="1487.5004">Clear Verify</actioncontainer>
    <actioncontainer id="t117" x="875.0" y="1837.4993">Log Loader</actioncontainer>
    <actioncontainer id="t118" x="875.0001" y="1662.5002">Installing log</actioncontainer>
    <actioncontainer id="t119" x="874.99994" y="1662.5004">Clear Verify1</actioncontainer>
    <actioncontainer id="t120" x="875.0001" y="1487.5002">Set Verify Log</actioncontainer>
    <actioncontainer id="t121" x="875.0001" y="2012.4995">Unzip Call log</actioncontainer>
    <actioncontainer id="t122" x="1084.9998" y="2012.5002">Run Log Verify</actioncontainer>
    <actioncontainer id="t123" x="1925.0" y="612.5">Clear PHANToM Log</actioncontainer>
    <actioncontainer id="t124" x="1925.0" y="612.5">MainMenu_RBH</actioncontainer>
    <actioncontainer id="t125" x="1925.0004" y="612.5">Main_Menu
HTML</actioncontainer>
    <conditioncontainer id="t126" x="1715.0" y="612.5">Trigger Control Expression</conditioncontainer>
    <actioncontainer id="t127" x="2765.0" y="612.5001">Event Cluter Home Screen</actioncontainer>
    <actioncontainer id="t128" x="2765.0" y="612.5">Swipe Value Endcode</actioncontainer>
    <conditioncontainer id="t129" x="2765.0" y="1312.5">Confirm Dialog Logout</conditioncontainer>
    <connection from="t1" to="t126" type="NORMAL" sourcePosition="SOUTH" targetPosition="NORTH" />
    <connection from="t2" to="t13" type="NORMAL" sourcePosition="SOUTH" targetPosition="NORTH" />
    <connection from="t3" to="t58" type="NORMAL" sourcePosition="NORTH" targetPosition="SOUTH" />
    <connection from="t4" to="t8" type="FALSE" sourcePosition="SOUTH" targetPosition="NORTH" />
    <connection from="t4" to="t3" type="TRUE" sourcePosition="EAST" targetPosition="WEST" />
    <connection from="t5" to="t84" type="TRUE" sourcePosition="WEST" targetPosition="SOUTH" />
    <connection from="t5" to="t9" type="FALSE" sourcePosition="EAST" targetPosition="WEST" />
    <connection from="t6" to="t38" type="NORMAL" sourcePosition="SOUTH" targetPosition="NORTH" />
    <connection from="t7" to="t2" type="TRUE" sourcePosition="EAST" targetPosition="WEST" />
    <connection from="t7" to="t85" type="FALSE" sourcePosition="SOUTH" targetPosition="SOUTH" />
    <connection from="t8" to="t7" type="FALSE" sourcePosition="SOUTH" targetPosition="NORTH" />
    <connection from="t8" to="t17" type="TRUE" sourcePosition="EAST" targetPosition="WEST" />
    <connection from="t9" to="t10" type="TRUE" sourcePosition="SOUTH" targetPosition="NORTH" />
    <connection from="t9" to="t15" type="FALSE" sourcePosition="WEST" targetPosition="WEST" />
    <connection from="t10" to="t37" type="NORMAL" sourcePosition="SOUTH" targetPosition="NORTH" />
    <connection from="t11" to="t14" type="NORMAL" sourcePosition="EAST" targetPosition="WEST" />
    <connection from="t12" to="t25" type="NORMAL" sourcePosition="SOUTH" targetPosition="EAST" />
    <connection from="t13" to="t12" type="TRUE" sourcePosition="SOUTH" targetPosition="NORTH" />
    <connection from="t13" to="t69" type="EXCEPTION" sourcePosition="WEST" targetPosition="EAST" />
    <connection from="t13" to="t69" type="FALSE" sourcePosition="WEST" targetPosition="EAST" />
    <connection from="t14" to="t94" type="FALSE" sourcePosition="SOUTH" targetPosition="NORTH" />
    <connection from="t14" to="t16" type="TRUE" sourcePosition="EAST" targetPosition="WEST" />
    <connection from="t14" to="t2" type="EXCEPTION" sourcePosition="WEST" targetPosition="WEST" />
    <connection from="t15" to="t88" type="FALSE" sourcePosition="WEST" targetPosition="EAST" />
    <connection from="t15" to="t128" type="TRUE" sourcePosition="SOUTH" targetPosition="EAST" />
    <connection from="t16" to="t96" type="NORMAL" sourcePosition="SOUTH" targetPosition="NORTH" />
    <connection from="t17" to="t18" type="EXCEPTION" sourcePosition="EAST" targetPosition="WEST" />
    <connection from="t17" to="t18" type="NORMAL" sourcePosition="EAST" targetPosition="WEST" />
    <connection from="t18" to="t27" type="FALSE" sourcePosition="EAST" targetPosition="WEST" />
    <connection from="t18" to="t28" type="EXCEPTION" sourcePosition="NORTH" targetPosition="SOUTH" />
    <connection from="t18" to="t28" type="TRUE" sourcePosition="NORTH" targetPosition="SOUTH" />
    <connection from="t19" to="t100" type="EXCEPTION" sourcePosition="EAST" targetPosition="WEST" />
    <connection from="t19" to="t100" type="TRUE" sourcePosition="EAST" targetPosition="WEST" />
    <connection from="t20" to="t22" type="NORMAL" sourcePosition="SOUTH" targetPosition="EAST" />
    <connection from="t21" to="t30" type="EXCEPTION" sourcePosition="SOUTH" targetPosition="NORTH" />
    <connection from="t21" to="t30" type="NORMAL" sourcePosition="SOUTH" targetPosition="NORTH" />
    <connection from="t22" to="t19" type="EXCEPTION" sourcePosition="SOUTH" targetPosition="NORTH" />
    <connection from="t22" to="t19" type="NORMAL" sourcePosition="SOUTH" targetPosition="NORTH" />
    <connection from="t23" to="t39" type="EXCEPTION" sourcePosition="EAST" targetPosition="SOUTH" />
    <connection from="t23" to="t39" type="NORMAL" sourcePosition="EAST" targetPosition="EAST" />
    <connection from="t24" to="t2" type="NORMAL" sourcePosition="WEST" targetPosition="EAST" />
    <connection from="t25" to="t24" type="NORMAL" sourcePosition="NORTH" targetPosition="SOUTH" />
    <connection from="t26" to="t55" type="NORMAL" sourcePosition="EAST" targetPosition="WEST" />
    <connection from="t27" to="t55" type="NORMAL" sourcePosition="NORTH" targetPosition="SOUTH" />
    <connection from="t28" to="t26" type="EXCEPTION" sourcePosition="NORTH" targetPosition="SOUTH" />
    <connection from="t28" to="t26" type="NORMAL" sourcePosition="NORTH" targetPosition="SOUTH" />
    <connection from="t29" to="t36" type="EXCEPTION" sourcePosition="EAST" targetPosition="EAST" />
    <connection from="t29" to="t36" type="NORMAL" sourcePosition="EAST" targetPosition="EAST" />
    <connection from="t30" to="t76" type="EXCEPTION" sourcePosition="SOUTH" targetPosition="NORTH" />
    <connection from="t30" to="t76" type="NORMAL" sourcePosition="SOUTH" targetPosition="NORTH" />
    <connection from="t31" to="t45" type="EXCEPTION" sourcePosition="EAST" targetPosition="WEST" />
    <connection from="t31" to="t45" type="NORMAL" sourcePosition="EAST" targetPosition="WEST" />
    <connection from="t32" to="t44" type="EXCEPTION" sourcePosition="EAST" targetPosition="WEST" />
    <connection from="t32" to="t44" type="NORMAL" sourcePosition="EAST" targetPosition="WEST" />
    <connection from="t33" to="t34" type="EXCEPTION" sourcePosition="NORTH" targetPosition="SOUTH" />
    <connection from="t33" to="t34" type="NORMAL" sourcePosition="NORTH" targetPosition="SOUTH" />
    <connection from="t34" to="t32" type="EXCEPTION" sourcePosition="NORTH" targetPosition="SOUTH" />
    <connection from="t34" to="t32" type="NORMAL" sourcePosition="NORTH" targetPosition="SOUTH" />
    <connection from="t35" to="t77" type="NORMAL" sourcePosition="NORTH" targetPosition="SOUTH" />
    <connection from="t36" to="t93" type="EXCEPTION" sourcePosition="SOUTH" targetPosition="SOUTH" />
    <connection from="t36" to="t93" type="TRUE" sourcePosition="SOUTH" targetPosition="SOUTH" />
    <connection from="t37" to="t38" type="NORMAL" sourcePosition="WEST" targetPosition="EAST" />
    <connection from="t38" to="t86" type="NORMAL" sourcePosition="WEST" targetPosition="WEST" />
    <connection from="t39" to="t33" type="TRUE" sourcePosition="WEST" targetPosition="EAST" />
    <connection from="t39" to="t41" type="FALSE" sourcePosition="EAST" targetPosition="WEST" />
    <connection from="t40" to="t41" type="EXCEPTION" sourcePosition="EAST" targetPosition="NORTH" />
    <connection from="t40" to="t41" type="FALSE" sourcePosition="EAST" targetPosition="NORTH" />
    <connection from="t40" to="t23" type="TRUE" sourcePosition="WEST" targetPosition="WEST" />
    <connection from="t41" to="t20" type="NORMAL" sourcePosition="SOUTH" targetPosition="NORTH" />
    <connection from="t42" to="t4" type="NORMAL" sourcePosition="SOUTH" targetPosition="NORTH" />
    <connection from="t43" to="t41" type="FALSE" sourcePosition="EAST" targetPosition="NORTH" />
    <connection from="t43" to="t61" type="TRUE" sourcePosition="WEST" targetPosition="SOUTH" />
    <connection from="t44" to="t21" type="EXCEPTION" sourcePosition="SOUTH" targetPosition="NORTH" />
    <connection from="t44" to="t21" type="NORMAL" sourcePosition="SOUTH" targetPosition="NORTH" />
    <connection from="t46" to="t31" type="TRUE" sourcePosition="EAST" targetPosition="NORTH" />
    <connection from="t46" to="t78" type="EXCEPTION" sourcePosition="SOUTH" targetPosition="NORTH" />
    <connection from="t46" to="t78" type="FALSE" sourcePosition="SOUTH" targetPosition="NORTH" />
    <connection from="t47" to="t50" type="EXCEPTION" sourcePosition="SOUTH" targetPosition="NORTH" />
    <connection from="t47" to="t50" type="NORMAL" sourcePosition="SOUTH" targetPosition="NORTH" />
    <connection from="t48" to="t47" type="TRUE" sourcePosition="WEST" targetPosition="NORTH" />
    <connection from="t48" to="t46" type="FALSE" sourcePosition="WEST" targetPosition="WEST" />
    <connection from="t49" to="t41" type="EXCEPTION" sourcePosition="EAST" targetPosition="SOUTH" />
    <connection from="t49" to="t43" type="TRUE" sourcePosition="SOUTH" targetPosition="NORTH" />
    <connection from="t49" to="t41" type="FALSE" sourcePosition="EAST" targetPosition="SOUTH" />
    <connection from="t50" to="t46" type="EXCEPTION" sourcePosition="EAST" targetPosition="WEST" />
    <connection from="t50" to="t46" type="NORMAL" sourcePosition="EAST" targetPosition="WEST" />
    <connection from="t51" to="t59" type="EXCEPTION" sourcePosition="NORTH" targetPosition="SOUTH" />
    <connection from="t51" to="t59" type="NORMAL" sourcePosition="NORTH" targetPosition="SOUTH" />
    <connection from="t52" to="t53" type="EXCEPTION" sourcePosition="SOUTH" targetPosition="NORTH" />
    <connection from="t52" to="t53" type="NORMAL" sourcePosition="SOUTH" targetPosition="NORTH" />
    <connection from="t53" to="t70" type="NORMAL" sourcePosition="EAST" targetPosition="NORTH" />
    <connection from="t54" to="t29" type="NORMAL" sourcePosition="NORTH" targetPosition="SOUTH" />
    <connection from="t55" to="t71" type="NORMAL" sourcePosition="WEST" targetPosition="EAST" />
    <connection from="t56" to="t52" type="EXCEPTION" sourcePosition="EAST" targetPosition="EAST" />
    <connection from="t56" to="t86" type="NORMAL" sourcePosition="NORTH" targetPosition="NORTH" />
    <connection from="t57" to="t42" type="NORMAL" sourcePosition="WEST" targetPosition="EAST" />
    <connection from="t57" to="t51" type="EXCEPTION" sourcePosition="SOUTH" targetPosition="EAST" />
    <connection from="t58" to="t91" type="NORMAL" sourcePosition="NORTH" targetPosition="SOUTH" />
    <connection from="t59" to="t72" type="EXCEPTION" sourcePosition="NORTH" targetPosition="NORTH" />
    <connection from="t59" to="t72" type="NORMAL" sourcePosition="NORTH" targetPosition="NORTH" />
    <connection from="t61" to="t62" type="EXCEPTION" sourcePosition="SOUTH" targetPosition="WEST" />
    <connection from="t61" to="t62" type="FALSE" sourcePosition="SOUTH" targetPosition="WEST" />
    <connection from="t61" to="t99" type="TRUE" sourcePosition="SOUTH" targetPosition="SOUTH" />
    <connection from="t62" to="t41" type="FALSE" sourcePosition="EAST" targetPosition="WEST" />
    <connection from="t62" to="t64" type="TRUE" sourcePosition="NORTH" targetPosition="SOUTH" />
    <connection from="t62" to="t80" type="EXCEPTION" sourcePosition="EAST" targetPosition="EAST" />
    <connection from="t64" to="t80" type="NORMAL" sourcePosition="NORTH" targetPosition="SOUTH" />
    <connection from="t65" to="t67" type="NORMAL" sourcePosition="SOUTH" targetPosition="NORTH" />
    <connection from="t66" to="t65" type="NORMAL" sourcePosition="EAST" targetPosition="NORTH" />
    <connection from="t67" to="t98" type="FALSE" sourcePosition="SOUTH" targetPosition="SOUTH" />
    <connection from="t67" to="t68" type="TRUE" sourcePosition="EAST" targetPosition="SOUTH" />
    <connection from="t68" to="t49" type="NORMAL" sourcePosition="WEST" targetPosition="WEST" />
    <connection from="t69" to="t83" type="TRUE" sourcePosition="SOUTH" targetPosition="NORTH" />
    <connection from="t69" to="t125" type="FALSE" sourcePosition="WEST" targetPosition="NORTH" />
    <connection from="t70" to="t56" type="TRUE" sourcePosition="NORTH" targetPosition="NORTH" />
    <connection from="t70" to="t74" type="FALSE" sourcePosition="NORTH" targetPosition="NORTH" />
    <connection from="t71" to="t56" type="TRUE" sourcePosition="NORTH" targetPosition="NORTH" />
    <connection from="t72" to="t90" type="TRUE" sourcePosition="NORTH" targetPosition="NORTH" />
    <connection from="t72" to="t60" type="FALSE" sourcePosition="NORTH" targetPosition="NORTH" />
    <connection from="t73" to="t42" type="NORMAL" sourcePosition="WEST" targetPosition="EAST" />
    <connection from="t73" to="t51" type="EXCEPTION" sourcePosition="SOUTH" targetPosition="EAST" />
    <connection from="t74" to="t123" type="NORMAL" sourcePosition="NORTH" targetPosition="WEST" />
    <connection from="t75" to="t46" type="TRUE" sourcePosition="SOUTH" targetPosition="WEST" />
    <connection from="t75" to="t48" type="FALSE" sourcePosition="WEST" targetPosition="WEST" />
    <connection from="t76" to="t78" type="EXCEPTION" sourcePosition="WEST" targetPosition="NORTH" />
    <connection from="t76" to="t78" type="NORMAL" sourcePosition="WEST" targetPosition="NORTH" />
    <connection from="t77" to="t65" type="NORMAL" sourcePosition="EAST" targetPosition="WEST" />
    <connection from="t77" to="t97" type="NORMAL" sourcePosition="NORTH" targetPosition="WEST" />
    <connection from="t78" to="t40" type="EXCEPTION" sourcePosition="EAST" targetPosition="SOUTH" />
    <connection from="t78" to="t79" type="TRUE" sourcePosition="SOUTH" targetPosition="NORTH" />
    <connection from="t78" to="t79" type="FALSE" sourcePosition="SOUTH" targetPosition="NORTH" />
    <connection from="t79" to="t82" type="NORMAL" sourcePosition="SOUTH" targetPosition="NORTH" />
    <connection from="t79" to="t92" type="EXCEPTION" sourcePosition="WEST" targetPosition="NORTH" />
    <connection from="t80" to="t79" type="NORMAL" sourcePosition="WEST" targetPosition="NORTH" />
    <connection from="t81" to="t49" type="EXCEPTION" sourcePosition="SOUTH" targetPosition="NORTH" />
    <connection from="t81" to="t49" type="FALSE" sourcePosition="SOUTH" targetPosition="NORTH" />
    <connection from="t81" to="t35" type="TRUE" sourcePosition="EAST" targetPosition="SOUTH" />
    <connection from="t82" to="t77" type="EXCEPTION" sourcePosition="EAST" targetPosition="WEST" />
    <connection from="t82" to="t81" type="NORMAL" sourcePosition="SOUTH" targetPosition="EAST" />
    <connection from="t83" to="t11" type="NORMAL" sourcePosition="SOUTH" targetPosition="NORTH" />
    <connection from="t84" to="t6" type="NORMAL" sourcePosition="SOUTH" targetPosition="SOUTH" />
    <connection from="t85" to="t87" type="TRUE" sourcePosition="NORTH" targetPosition="SOUTH" />
    <connection from="t85" to="t5" type="FALSE" sourcePosition="SOUTH" targetPosition="NORTH" />
    <connection from="t86" to="t125" type="NORMAL" sourcePosition="NORTH" targetPosition="NORTH" />
    <connection from="t87" to="t86" type="NORMAL" sourcePosition="EAST" targetPosition="EAST" />
    <connection from="t88" to="t129" type="TRUE" sourcePosition="SOUTH" targetPosition="EAST" />
    <connection from="t88" to="t89" type="FALSE" sourcePosition="SOUTH" targetPosition="WEST" />
    <connection from="t89" to="t54" type="TRUE" sourcePosition="NORTH" targetPosition="SOUTH" />
    <connection from="t90" to="t57" type="TRUE" sourcePosition="SOUTH" targetPosition="NORTH" />
    <connection from="t90" to="t73" type="FALSE" sourcePosition="SOUTH" targetPosition="NORTH" />
    <connection from="t91" to="t125" type="NORMAL" sourcePosition="NORTH" targetPosition="NORTH" />
    <connection from="t93" to="t123" type="EXCEPTION" sourcePosition="SOUTH" targetPosition="NORTH" />
    <connection from="t93" to="t123" type="NORMAL" sourcePosition="SOUTH" targetPosition="NORTH" />
    <connection from="t94" to="t96" type="NORMAL" sourcePosition="EAST" targetPosition="WEST" />
    <connection from="t96" to="t95" type="NORMAL" sourcePosition="NORTH" targetPosition="NORTH" />
    <connection from="t97" to="t102" type="EXCEPTION" sourcePosition="SOUTH" targetPosition="EAST" />
    <connection from="t97" to="t102" type="NORMAL" sourcePosition="WEST" targetPosition="EAST" />
    <connection from="t98" to="t66" type="EXCEPTION" sourcePosition="SOUTH" targetPosition="SOUTH" />
    <connection from="t98" to="t66" type="NORMAL" sourcePosition="EAST" targetPosition="WEST" />
    <connection from="t99" to="t63" type="NORMAL" sourcePosition="SOUTH" targetPosition="WEST" />
    <connection from="t100" to="t45" type="EXCEPTION" sourcePosition="WEST" targetPosition="NORTH" />
    <connection from="t100" to="t45" type="NORMAL" sourcePosition="WEST" targetPosition="NORTH" />
    <connection from="t101" to="t104" type="NORMAL" sourcePosition="EAST" targetPosition="EAST" />
    <connection from="t101" to="t103" type="EXCEPTION" sourcePosition="SOUTH" targetPosition="WEST" />
    <connection from="t102" to="t109" type="TRUE" sourcePosition="SOUTH" targetPosition="WEST" />
    <connection from="t102" to="t105" type="EXCEPTION" sourcePosition="EAST" targetPosition="NORTH" />
    <connection from="t102" to="t105" type="FALSE" sourcePosition="EAST" targetPosition="NORTH" />
    <connection from="t103" to="t108" type="FALSE" sourcePosition="WEST" targetPosition="NORTH" />
    <connection from="t103" to="t101" type="TRUE" sourcePosition="WEST" targetPosition="SOUTH" />
    <connection from="t104" to="t102" type="NORMAL" sourcePosition="NORTH" targetPosition="SOUTH" />
    <connection from="t104" to="t103" type="EXCEPTION" sourcePosition="EAST" targetPosition="EAST" />
    <connection from="t105" to="t107" type="NORMAL" sourcePosition="SOUTH" targetPosition="EAST" />
    <connection from="t105" to="t101" type="EXCEPTION" sourcePosition="EAST" targetPosition="EAST" />
    <connection from="t106" to="t111" type="EXCEPTION" sourcePosition="WEST" targetPosition="WEST" />
    <connection from="t106" to="t111" type="NORMAL" sourcePosition="WEST" targetPosition="WEST" />
    <connection from="t107" to="t106" type="NORMAL" sourcePosition="SOUTH" targetPosition="NORTH" />
    <connection from="t108" to="t107" type="NORMAL" sourcePosition="SOUTH" targetPosition="NORTH" />
    <connection from="t109" to="t107" type="NORMAL" sourcePosition="WEST" targetPosition="WEST" />
    <connection from="t109" to="t101" type="EXCEPTION" sourcePosition="WEST" targetPosition="WEST" />
    <connection from="t110" to="t113" type="NORMAL" sourcePosition="WEST" targetPosition="WEST" />
    <connection from="t111" to="t112" type="NORMAL" sourcePosition="NORTH" targetPosition="WEST" />
    <connection from="t111" to="t110" type="EXCEPTION" sourcePosition="EAST" targetPosition="NORTH" />
    <connection from="t112" to="t113" type="NORMAL" sourcePosition="WEST" targetPosition="WEST" />
    <connection from="t112" to="t117" type="EXCEPTION" sourcePosition="WEST" targetPosition="WEST" />
    <connection from="t114" to="t113" type="FALSE" sourcePosition="NORTH" targetPosition="SOUTH" />
    <connection from="t114" to="t115" type="TRUE" sourcePosition="SOUTH" targetPosition="NORTH" />
    <connection from="t115" to="t116" type="EXCEPTION" sourcePosition="SOUTH" targetPosition="NORTH" />
    <connection from="t115" to="t116" type="NORMAL" sourcePosition="SOUTH" targetPosition="NORTH" />
    <connection from="t116" to="t119" type="EXCEPTION" sourcePosition="SOUTH" targetPosition="NORTH" />
    <connection from="t116" to="t119" type="NORMAL" sourcePosition="SOUTH" targetPosition="NORTH" />
    <connection from="t117" to="t121" type="NORMAL" sourcePosition="SOUTH" targetPosition="NORTH" />
    <connection from="t117" to="t114" type="EXCEPTION" sourcePosition="WEST" targetPosition="WEST" />
    <connection from="t118" to="t114" type="EXCEPTION" sourcePosition="WEST" targetPosition="WEST" />
    <connection from="t118" to="t120" type="NORMAL" sourcePosition="WEST" targetPosition="WEST" />
    <connection from="t119" to="t113" type="EXCEPTION" sourcePosition="WEST" targetPosition="WEST" />
    <connection from="t119" to="t113" type="NORMAL" sourcePosition="WEST" targetPosition="WEST" />
    <connection from="t120" to="t114" type="EXCEPTION" sourcePosition="WEST" targetPosition="WEST" />
    <connection from="t120" to="t122" type="NORMAL" sourcePosition="EAST" targetPosition="EAST" />
    <connection from="t121" to="t114" type="EXCEPTION" sourcePosition="SOUTH" targetPosition="WEST" />
    <connection from="t121" to="t118" type="NORMAL" sourcePosition="SOUTH" targetPosition="WEST" />
    <connection from="t122" to="t114" type="EXCEPTION" sourcePosition="SOUTH" targetPosition="WEST" />
    <connection from="t124" to="t90" type="NORMAL" sourcePosition="EAST" targetPosition="WEST" />
    <connection from="t125" to="t124" type="NORMAL" sourcePosition="NORTH" targetPosition="WEST" />
    <connection from="t125" to="t92" type="EXCEPTION" sourcePosition="NORTH" targetPosition="NORTH" />
    <connection from="t126" to="t45" type="EXCEPTION" sourcePosition="WEST" targetPosition="EAST" />
    <connection from="t126" to="t75" type="TRUE" sourcePosition="WEST" targetPosition="WEST" />
    <connection from="t126" to="t127" type="FALSE" sourcePosition="NORTH" targetPosition="NORTH" />
    <connection from="t127" to="t125" type="EXCEPTION" sourcePosition="NORTH" targetPosition="NORTH" />
    <connection from="t127" to="t125" type="NORMAL" sourcePosition="NORTH" targetPosition="NORTH" />
    <connection from="t128" to="t86" type="NORMAL" sourcePosition="EAST" targetPosition="NORTH" />
    <connection from="t129" to="t38" type="TRUE" sourcePosition="WEST" targetPosition="EAST" />
  </flow>
</data>